datetime,predicted_consumption,day,hour,weekday,confidence_interval,lower_bound,upper_bound
2025-09-29 22:00:00+00:00,28371.29138180521,2025-09-29,22,Monday,1762.2627467394495,26609.028635065763,30133.55412854466
2025-09-29 22:15:00+00:00,28072.999708008076,2025-09-29,22,Monday,1798.2347844246763,26274.7649235834,29871.23449243275
2025-09-29 22:30:00+00:00,27743.423630146423,2025-09-29,22,Monday,1813.1348903000933,25930.288739846328,29556.558520446517
2025-09-29 22:45:00+00:00,27743.423630146423,2025-09-29,22,Monday,1824.5681436620441,25918.85548648438,29567.991773808466
2025-09-29 23:00:00+00:00,27408.9014000421,2025-09-29,23,Monday,1834.206822109903,25574.694577932198,29243.108222152005
2025-09-29 23:15:00+00:00,27369.56283612252,2025-09-29,23,Monday,1842.6986682928004,25526.86416782972,29212.26150441532
2025-09-29 23:30:00+00:00,27369.56283612252,2025-09-29,23,Monday,1850.3758840764222,25519.186952046097,29219.938720198945
2025-09-29 23:45:00+00:00,27264.645281321256,2025-09-29,23,Monday,1857.4358126068028,25407.209468714453,29122.08109392806
2025-09-30 00:00:00+00:00,25746.293990539652,2025-09-30,0,Tuesday,1864.0070338607363,23882.286956678916,27610.30102440039
2025-09-30 00:15:00+00:00,25720.315193672108,2025-09-30,0,Tuesday,1870.1788597951293,23850.136333876977,27590.49405346724
2025-09-30 00:30:00+00:00,25720.315193672108,2025-09-30,0,Tuesday,1876.0163179021768,23844.29887576993,27596.331511574284
2025-09-30 00:45:00+00:00,25720.315193672108,2025-09-30,0,Tuesday,1881.5684986858707,23838.746694986236,27601.88369235798
2025-09-30 01:00:00+00:00,25720.315193672108,2025-09-30,1,Tuesday,1886.8735405846394,23833.44165308747,27607.188734256746
2025-09-30 01:15:00+00:00,25720.315193672108,2025-09-30,1,Tuesday,1891.961773096457,23828.35342057565,27612.276966768564
2025-09-30 01:30:00+00:00,25746.293990539652,2025-09-30,1,Tuesday,1896.8577872616884,23849.436203277965,27643.15177780134
2025-09-30 01:45:00+00:00,25720.315193672108,2025-09-30,1,Tuesday,1901.5818496234779,23818.73334404863,27621.897043295587
2025-09-30 02:00:00+00:00,25614.735603727935,2025-09-30,2,Tuesday,1906.150897480356,23708.58470624758,27520.88650120829
2025-09-30 02:15:00+00:00,25794.988458912114,2025-09-30,2,Tuesday,1910.5792576843378,23884.409201227776,27705.56771659645
2025-09-30 02:30:00+00:00,25937.94991419698,2025-09-30,2,Tuesday,1914.87917742138,24023.0707367756,27852.829091618358
2025-09-30 02:45:00+00:00,26187.41970902367,2025-09-30,2,Tuesday,1919.061223802589,24268.35848522108,28106.48093282626
2025-09-30 03:00:00+00:00,27453.04489270231,2025-09-30,3,Tuesday,1923.1345898461514,25529.91030285616,29376.17948254846
2025-09-30 03:15:00+00:00,27644.00715509781,2025-09-30,3,Tuesday,1927.1073323338046,25716.899822764004,29571.114487431616
2025-09-30 03:30:00+00:00,28598.48923607972,2025-09-30,3,Tuesday,1930.986559211199,26667.50267686852,30529.47579529092
2025-09-30 03:45:00+00:00,29376.015051065035,2025-09-30,3,Tuesday,1934.7785790280523,27441.23647203698,31310.79363009309
2025-09-30 04:00:00+00:00,33177.35422186335,2025-09-30,4,Tuesday,1938.4890214133945,31238.865200449956,35115.843243276744
2025-09-30 04:15:00+00:00,34091.39178640872,2025-09-30,4,Tuesday,1942.1229351655825,32149.268851243138,36033.514721574305
2025-09-30 04:30:00+00:00,35139.09590815513,2025-09-30,4,Tuesday,1945.6848688401149,33193.41103931501,37084.78077699524
2025-09-30 04:45:00+00:00,35759.22470955817,2025-09-30,4,Tuesday,1949.178937507234,33810.04577205094,37708.4036470654
2025-09-30 05:00:00+00:00,42046.18745478009,2025-09-30,5,Tuesday,1952.608878474156,40093.57857630593,43998.79633325425
2025-09-30 05:15:00+00:00,42951.51549663285,2025-09-30,5,Tuesday,1955.9780981228478,40995.53739851,44907.493594755695
2025-09-30 05:30:00+00:00,43541.7461005761,2025-09-30,5,Tuesday,1959.289711535695,41582.4563890404,45501.0358121118
2025-09-30 05:45:00+00:00,44224.25838392517,2025-09-30,5,Tuesday,1962.5465762216327,42261.711807703534,46186.8049601468
2025-09-30 06:00:00+00:00,45095.86128565125,2025-09-30,6,Tuesday,1965.7513209820238,43130.109964669224,47061.61260663327
2025-09-30 06:15:00+00:00,45404.281130694675,2025-09-30,6,Tuesday,1968.9063707458606,43435.37475994881,47373.18750144054
2025-09-30 06:30:00+00:00,45492.87574543728,2025-09-30,6,Tuesday,1972.013968041568,43520.861777395716,47464.88971347885
2025-09-30 06:45:00+00:00,45492.87574543728,2025-09-30,6,Tuesday,1975.0761916459162,43517.79955379137,47467.9519370832
2025-09-30 07:00:00+00:00,45167.549822285386,2025-09-30,7,Tuesday,1978.0949728508092,43189.45484943458,47145.64479513619
2025-09-30 07:15:00+00:00,45167.549822285386,2025-09-30,7,Tuesday,1981.0721097096211,43186.47771257577,47148.621931995
2025-09-30 07:30:00+00:00,45167.549822285386,2025-09-30,7,Tuesday,1984.009279561588,43183.5405427238,47151.55910184697
2025-09-30 07:45:00+00:00,45167.549822285386,2025-09-30,7,Tuesday,1986.9080500820014,43180.64177220339,47154.457872367384
2025-09-30 08:00:00+00:00,43099.55193720077,2025-09-30,8,Tuesday,1989.7698890649037,41109.782048135865,45089.321826265674
2025-09-30 08:15:00+00:00,43360.51533409402,2025-09-30,8,Tuesday,1992.5961731115717,41367.91916098245,45353.1115072056
2025-09-30 08:30:00+00:00,43596.29408661833,2025-09-30,8,Tuesday,1995.388195370759,41600.90589124757,45591.68228198909
2025-09-30 08:45:00+00:00,43935.821093516905,2025-09-30,8,Tuesday,1998.1471724541977,41937.673921062706,45933.9682659711
2025-09-30 09:00:00+00:00,43301.59940350393,2025-09-30,9,Tuesday,2000.874250632292,41300.725152871644,45302.47365413622
2025-09-30 09:15:00+00:00,43557.48597058874,2025-09-30,9,Tuesday,2003.570511399502,41553.915459189244,45561.05648198824
2025-09-30 09:30:00+00:00,44415.25535798131,2025-09-30,9,Tuesday,2006.236976486074,42409.01838149524,46421.49233446738
2025-09-30 09:45:00+00:00,45476.77071676295,2025-09-30,9,Tuesday,2008.874612381973,43467.896104380976,47485.64532914492
2025-09-30 10:00:00+00:00,44650.56070955693,2025-09-30,10,Tuesday,2011.4843344298288,42639.0763751271,46662.045043986756
2025-09-30 10:15:00+00:00,43339.676101787736,2025-09-30,10,Tuesday,2014.0670105360355,41325.6090912517,45353.74311232377
2025-09-30 10:30:00+00:00,43291.01432461762,2025-09-30,10,Tuesday,2016.6234645426673,41274.39086007496,45307.63778916029
2025-09-30 10:45:00+00:00,42804.857254086375,2025-09-30,10,Tuesday,2019.1544792973416,40785.70277478903,44824.01173338372
2025-09-30 11:00:00+00:00,42892.505376708345,2025-09-30,11,Tuesday,2021.6607994534643,40870.84457725488,44914.16617616181
2025-09-30 11:15:00+00:00,42851.72400347654,2025-09-30,11,Tuesday,2024.143134029239,40827.5808694473,44875.86713750578
2025-09-30 11:30:00+00:00,42851.72400347654,2025-09-30,11,Tuesday,2026.602158750367,40825.12184472618,44878.326162226906
2025-09-30 11:45:00+00:00,42851.72400347654,2025-09-30,11,Tuesday,2029.0385181983752,40822.68548527817,44880.762521674915
2025-09-30 12:00:00+00:00,41956.6528141826,2025-09-30,12,Tuesday,2031.452827783927,39925.19998639867,43988.105641966526
2025-09-30 12:15:00+00:00,41956.6528141826,2025-09-30,12,Tuesday,2033.8456755622306,39922.80713862037,43990.49848974483
2025-09-30 12:30:00+00:00,41956.6528141826,2025-09-30,12,Tuesday,2036.2176239057212,39920.435190276876,43992.87043808832
2025-09-30 12:45:00+00:00,41956.6528141826,2025-09-30,12,Tuesday,2038.5692110474972,39918.0836031351,43995.2220252301
2025-09-30 13:00:00+00:00,41706.892140182696,2025-09-30,13,Tuesday,2040.900952507506,39665.99118767519,43747.793092690205
2025-09-30 13:15:00+00:00,41527.03655139453,2025-09-30,13,Tuesday,2043.2133424121926,39483.823208982336,43570.24989380672
2025-09-30 13:30:00+00:00,41520.39195993102,2025-09-30,13,Tuesday,2045.5068547171734,39474.88510521384,43565.89881464819
2025-09-30 13:45:00+00:00,41487.16669320051,2025-09-30,13,Tuesday,2047.7819443415087,39439.384748859,43534.94863754202
2025-09-30 14:00:00+00:00,41403.24036471442,2025-09-30,14,Tuesday,2050.0390482212624,39353.201316493156,43453.27941293568
2025-09-30 14:15:00+00:00,41428.18414116589,2025-09-30,14,Tuesday,2052.278586289255,39375.905554876634,43480.462727455146
2025-09-30 14:30:00+00:00,41410.127021603286,2025-09-30,14,Tuesday,2054.5009623872425,39355.62605921605,43464.627983990526
2025-09-30 14:45:00+00:00,41394.95887443538,2025-09-30,14,Tuesday,2056.7065651161192,39338.252309319265,43451.6654395515
2025-09-30 15:00:00+00:00,41410.127021603286,2025-09-30,15,Tuesday,2058.895768629226,39351.23125297406,43469.02279023251
2025-09-30 15:15:00+00:00,41410.127021603286,2025-09-30,15,Tuesday,2061.068933373341,39349.05808822995,43471.195954976625
2025-09-30 15:30:00+00:00,41410.127021603286,2025-09-30,15,Tuesday,2063.226406781514,39346.900614821774,43473.3534283848
2025-09-30 15:45:00+00:00,41434.8287326294,2025-09-30,15,Tuesday,2065.368523921513,39369.46020870789,43500.19725655091
2025-09-30 16:00:00+00:00,41386.70463979892,2025-09-30,16,Tuesday,2067.4956081033106,39319.20903169561,43454.20024790223
2025-09-30 16:15:00+00:00,41447.98358880292,2025-09-30,16,Tuesday,2069.607971448729,39378.37561735419,43517.59156025165
2025-09-30 16:30:00+00:00,41447.98358880292,2025-09-30,16,Tuesday,2071.7059154260837,39376.27767337683,43519.689504229005
2025-09-30 16:45:00+00:00,41447.98358880292,2025-09-30,16,Tuesday,2073.7897313524236,39374.1938574505,43521.77332015534
2025-09-30 17:00:00+00:00,41028.312163659655,2025-09-30,17,Tuesday,2075.8597008657284,38952.452462793924,43104.171864525386
2025-09-30 17:15:00+00:00,41021.667572196144,2025-09-30,17,Tuesday,2077.91609636924,38943.7514758269,43099.583668565385
2025-09-30 17:30:00+00:00,41021.667572196144,2025-09-30,17,Tuesday,2079.9591814499045,38941.70839074624,43101.62675364605
2025-09-30 17:45:00+00:00,41021.667572196144,2025-09-30,17,Tuesday,2081.9892112727466,38939.6783609234,43103.65678346889
2025-09-30 18:00:00+00:00,39331.59979861767,2025-09-30,18,Tuesday,2084.0064329528527,37247.59336566482,41415.60623157053
2025-09-30 18:15:00+00:00,38922.3187403077,2025-09-30,18,Tuesday,2086.011085906489,36836.307654401215,41008.32982621419
2025-09-30 18:30:00+00:00,38721.322930487506,2025-09-30,18,Tuesday,2088.0034021827696,36633.31952830474,40809.32633267027
2025-09-30 18:45:00+00:00,38317.87714458313,2025-09-30,18,Tuesday,2089.983606777182,36227.89353780595,40407.86075136031
2025-09-30 19:00:00+00:00,36321.52650326382,2025-09-30,19,Tuesday,2091.951917928159,34229.574585335664,38413.478421191976
2025-09-30 19:15:00+00:00,36051.595119529346,2025-09-30,19,Tuesday,2093.908547397811,33957.68657213153,38145.50366692716
2025-09-30 19:30:00+00:00,35885.73680529483,2025-09-30,19,Tuesday,2095.853700737835,33789.883104557,37981.59050603266
2025-09-30 19:45:00+00:00,35765.41343360753,2025-09-30,19,Tuesday,2097.7875775415537,33667.62585606598,37863.20101114908
2025-09-30 20:00:00+00:00,34120.419699481194,2025-09-30,20,Tuesday,2099.710371682948,32020.709327798246,36220.13007116414
2025-09-30 20:15:00+00:00,34087.54675439222,2025-09-30,20,Tuesday,2101.622271543506,31985.924482848714,36189.16902593573
2025-09-30 20:30:00+00:00,33802.5831338999,2025-09-30,20,Tuesday,2103.523460227631,31699.059673672265,35906.10659412753
2025-09-30 20:45:00+00:00,33498.63975414512,2025-09-30,20,Tuesday,2105.414115767303,31393.22563837782,35604.05386991242
2025-09-30 21:00:00+00:00,30376.683159229735,2025-09-30,21,Tuesday,2107.294411316655,28269.38874791308,32483.97757054639
2025-09-30 21:15:00+00:00,29829.5447647347,2025-09-30,21,Tuesday,2109.1645153370523,27720.380249397647,31938.70928007175
2025-09-30 21:30:00+00:00,29345.668171234844,2025-09-30,21,Tuesday,2111.0245917732377,27234.643579461605,31456.692763008083
2025-09-30 21:45:00+00:00,29159.284327051835,2025-09-30,21,Tuesday,2112.874800221071,27046.409526830765,31272.159127272906
2025-09-30 22:00:00+00:00,28245.116294488773,2025-09-30,22,Tuesday,2114.7152960873395,26130.400998401434,30359.831590576112
2025-09-30 22:15:00+00:00,27938.39201428471,2025-09-30,22,Tuesday,2116.546230742097,25821.845783542612,30054.938245026806
2025-09-30 22:30:00+00:00,27761.23970098893,2025-09-30,22,Tuesday,2118.367751663954,25642.871949324974,29879.607452652883
2025-09-30 22:45:00+00:00,27761.23970098893,2025-09-30,22,Tuesday,2120.1800025787134,25641.059698410216,29881.41970356764
2025-09-30 23:00:00+00:00,27294.477234071768,2025-09-30,23,Tuesday,2121.9831235917154,25172.494110480053,29416.460357663484
2025-09-30 23:15:00+00:00,27294.477234071768,2025-09-30,23,Tuesday,2123.7772513142504,25170.699982757516,29418.25448538602
2025-09-30 23:30:00+00:00,27294.477234071768,2025-09-30,23,Tuesday,2125.5625189843427,25168.914715087427,29420.03975305611
2025-09-30 23:45:00+00:00,27236.139604099553,2025-09-30,23,Tuesday,2127.339056582225,25108.800547517327,29363.47866068178
2025-10-01 00:00:00+00:00,26122.874674780785,2025-10-01,0,Wednesday,2129.1069909407806,23993.767683840004,28251.981665721567
2025-10-01 00:15:00+00:00,26107.29383676183,2025-10-01,0,Wednesday,2130.86644585121,23976.42739091062,28238.16028261304
2025-10-01 00:30:00+00:00,26107.29383676183,2025-10-01,0,Wednesday,2132.6175421641888,23974.67629459764,28239.91137892602
2025-10-01 00:45:00+00:00,26107.29383676183,2025-10-01,0,Wednesday,2134.3603978867363,23972.933438875094,28241.654234648566
2025-10-01 01:00:00+00:00,26053.5142552805,2025-10-01,1,Wednesday,2136.0951282750184,23917.419127005483,28189.60938355552
2025-10-01 01:15:00+00:00,26053.5142552805,2025-10-01,1,Wednesday,2137.821845923296,23915.692409357205,28191.336101203797
2025-10-01 01:30:00+00:00,26069.095093299456,2025-10-01,1,Wednesday,2139.5406608492076,23929.554432450248,28208.635754148665
2025-10-01 01:45:00+00:00,26053.5142552805,2025-10-01,1,Wednesday,2141.251680575567,23912.262574704935,28194.765935856067
2025-10-01 02:00:00+00:00,25828.515107430914,2025-10-01,2,Wednesday,2142.955010208862,23685.560097222053,27971.470117639776
2025-10-01 02:15:00+00:00,25884.244979200248,2025-10-01,2,Wednesday,2144.650752514594,23739.594226685655,28028.89573171484
2025-10-01 02:30:00+00:00,26051.485791919753,2025-10-01,2,Wednesday,2146.3390079896335,23905.14678393012,28197.824799909387
2025-10-01 02:45:00+00:00,26266.22385226276,2025-10-01,2,Wednesday,2148.0198749317183,24118.203977331043,28414.243727194476
2025-10-01 03:00:00+00:00,27754.780347356176,2025-10-01,3,Wednesday,2149.6934495062465,25605.08689784993,29904.47379686242
2025-10-01 03:15:00+00:00,27875.610164841597,2025-10-01,3,Wednesday,2151.359825810472,25724.250339031125,30026.96999065207
2025-10-01 03:30:00+00:00,28683.777230905354,2025-10-01,3,Wednesday,2153.019095935248,26530.758134970107,30836.796326840602
2025-10-01 03:45:00+00:00,29328.184726439566,2025-10-01,3,Wednesday,2154.671350024413,27173.513376415154,31482.856076463977
2025-10-01 04:00:00+00:00,34860.45947677174,2025-10-01,4,Wednesday,2156.31667633194,32704.142800439804,37016.77615310368
2025-10-01 04:15:00+00:00,36419.29615813751,2025-10-01,4,Wednesday,2157.9551612769424,34261.34099686057,38577.251319414456
2025-10-01 04:30:00+00:00,38795.59560900175,2025-10-01,4,Wednesday,2159.5868894966425,36636.00871950511,40955.18249849839
2025-10-01 04:45:00+00:00,39530.71536512312,2025-10-01,4,Wednesday,2161.2119438973905,37369.50342122573,41691.92730902051
2025-10-01 05:00:00+00:00,46807.636812461256,2025-10-01,5,Wednesday,2162.830405703816,44644.80640675744,48970.467218165075
2025-10-01 05:15:00+00:00,47485.562363350524,2025-10-01,5,Wednesday,2164.4423545062036,45321.12000884432,49650.004717856726
2025-10-01 05:30:00+00:00,48578.659341747894,2025-10-01,5,Wednesday,2166.0478683061656,46412.61147344173,50744.70721005406
2025-10-01 05:45:00+00:00,49358.422781668894,2025-10-01,5,Wednesday,2167.6470235606835,47190.77575810821,51526.06980522958
2025-10-01 06:00:00+00:00,49997.134757272404,2025-10-01,6,Wednesday,2169.239895224598,47827.894862047804,52166.374652497005
2025-10-01 06:15:00+00:00,50174.922861428226,2025-10-01,6,Wednesday,2170.8265567916,48004.09630463662,52345.74941821983
2025-10-01 06:30:00+00:00,50334.07490288127,2025-10-01,6,Wednesday,2172.407080333804,48161.66782254747,52506.481983215075
2025-10-01 06:45:00+00:00,50334.07490288127,2025-10-01,6,Wednesday,2173.981536539945,48160.09336634132,52508.05643942122
2025-10-01 07:00:00+00:00,49204.23016881828,2025-10-01,7,Wednesday,2175.5499947522717,47028.68017406601,51379.78016357055
2025-10-01 07:15:00+00:00,49204.23016881828,2025-10-01,7,Wednesday,2177.112523002182,47027.1176458161,51381.34269182046
2025-10-01 07:30:00+00:00,49204.23016881828,2025-10-01,7,Wednesday,2178.6691880446565,47025.56098077362,51382.89935686294
2025-10-01 07:45:00+00:00,49204.23016881828,2025-10-01,7,Wednesday,2180.220055391534,47024.010113426746,51384.45022420981
2025-10-01 08:00:00+00:00,45732.9824311704,2025-10-01,8,Wednesday,2181.7651893436864,43551.217241826715,47914.747620514085
2025-10-01 08:15:00+00:00,46095.64276397977,2025-10-01,8,Wednesday,2183.3046530221245,43912.338110957644,48278.947417001895
2025-10-01 08:30:00+00:00,46261.03394972496,2025-10-01,8,Wednesday,2184.838508398085,44076.195441326876,48445.87245812304
2025-10-01 08:45:00+00:00,46601.35646905116,2025-10-01,8,Wednesday,2186.3668163221446,44414.98965272902,48787.72328537331
2025-10-01 09:00:00+00:00,45768.08462494643,2025-10-01,9,Wednesday,2187.889636552383,43580.19498839405,47955.97426149881
2025-10-01 09:15:00+00:00,45886.85690899112,2025-10-01,9,Wednesday,2189.4070277816495,43697.44988120947,48076.26393677277
2025-10-01 09:30:00+00:00,46527.471468953656,2025-10-01,9,Wednesday,2190.9190476639615,44336.55242128969,48718.39051661762
2025-10-01 09:45:00+00:00,47621.92314921969,2025-10-01,9,Wednesday,2192.4257528400585,45429.49739637964,49814.34890205975
2025-10-01 10:00:00+00:00,46345.52816647292,2025-10-01,10,Wednesday,2193.9271989621684,44151.60096751075,48539.45536543509
2025-10-01 10:15:00+00:00,45487.31140344825,2025-10-01,10,Wednesday,2195.4234407179865,43291.88796273027,47682.73484416623
2025-10-01 10:30:00+00:00,45487.31140344825,2025-10-01,10,Wednesday,2196.914531853919,43290.396871594334,47684.225935302165
2025-10-01 10:45:00+00:00,44867.36534255061,2025-10-01,10,Wednesday,2198.400525197613,42668.964817353,47065.765867748225
2025-10-01 11:00:00+00:00,44582.59105318554,2025-10-01,11,Wednesday,2199.881472679793,42382.70958050575,46782.472525865334
2025-10-01 11:15:00+00:00,44309.91241411104,2025-10-01,11,Wednesday,2201.357425355437,42108.5549887556,46511.26983946648
2025-10-01 11:30:00+00:00,44309.91241411104,2025-10-01,11,Wednesday,2202.8284334243117,42107.08398068672,46512.74084753535
2025-10-01 11:45:00+00:00,44309.91241411104,2025-10-01,11,Wednesday,2204.2945462509006,42105.617867860135,46514.20696036194
2025-10-01 12:00:00+00:00,43126.49112242627,2025-10-01,12,Wednesday,2205.7558123837266,40920.73531004254,45332.24693481
2025-10-01 12:15:00+00:00,43126.49112242627,2025-10-01,12,Wednesday,2207.2122795741143,40919.27884285215,45333.703402000385
2025-10-01 12:30:00+00:00,43126.49112242627,2025-10-01,12,Wednesday,2208.663994794396,40917.82712763187,45335.15511722067
2025-10-01 12:45:00+00:00,43126.49112242627,2025-10-01,12,Wednesday,2210.111004255588,40916.38011817068,45336.60212668186
2025-10-01 13:00:00+00:00,42540.55380985695,2025-10-01,13,Wednesday,2211.5533534245533,40329.0004564324,44752.10716328151
2025-10-01 13:15:00+00:00,42540.55380985695,2025-10-01,13,Wednesday,2212.9910870406734,40327.56272281628,44753.54489689763
2025-10-01 13:30:00+00:00,42540.55380985695,2025-10-01,13,Wednesday,2214.4242491320383,40326.12956072491,44754.97805898899
2025-10-01 13:45:00+00:00,42540.55380985695,2025-10-01,13,Wednesday,2215.85288303118,40324.700926825775,44756.40669288813
2025-10-01 14:00:00+00:00,42263.5994564266,2025-10-01,14,Wednesday,2217.277031390358,40046.32242503624,44480.87648781696
2025-10-01 14:15:00+00:00,42263.5994564266,2025-10-01,14,Wednesday,2218.6967361964194,40044.90272023018,44482.29619262302
2025-10-01 14:30:00+00:00,42263.5994564266,2025-10-01,14,Wednesday,2220.112038785241,40043.48741764136,44483.71149521184
2025-10-01 14:45:00+00:00,42263.5994564266,2025-10-01,14,Wednesday,2221.5229798557734,40042.07647657083,44485.12243628237
2025-10-01 15:00:00+00:00,42263.5994564266,2025-10-01,15,Wednesday,2222.929599483694,40040.669856942906,44486.529055910294
2025-10-01 15:15:00+00:00,42263.5994564266,2025-10-01,15,Wednesday,2224.331937134692,40039.267519291905,44487.931393561295
2025-10-01 15:30:00+00:00,42263.5994564266,2025-10-01,15,Wednesday,2225.730031677386,40037.86942474922,44489.329488103984
2025-10-01 15:45:00+00:00,42263.5994564266,2025-10-01,15,Wednesday,2227.1239213958943,40036.47553503071,44490.72337782249
2025-10-01 16:00:00+00:00,42263.5994564266,2025-10-01,16,Wednesday,2228.513644002068,40035.085812424535,44492.113100428665
2025-10-01 16:15:00+00:00,42263.5994564266,2025-10-01,16,Wednesday,2229.8992366473954,40033.7002197792,44493.498693074
2025-10-01 16:30:00+00:00,42263.5994564266,2025-10-01,16,Wednesday,2231.280735934589,40032.31872049201,44494.88019236119
2025-10-01 16:45:00+00:00,42263.5994564266,2025-10-01,16,Wednesday,2232.658177928868,40030.94127849773,44496.25763435547
2025-10-01 17:00:00+00:00,41869.09281507424,2025-10-01,17,Wednesday,2234.031598168946,39635.06121690529,44103.12441324319
2025-10-01 17:15:00+00:00,41869.09281507424,2025-10-01,17,Wednesday,2235.401031677726,39633.69178339651,44104.49384675197
2025-10-01 17:30:00+00:00,41869.09281507424,2025-10-01,17,Wednesday,2236.766512972723,39632.326302101515,44105.859328046965
2025-10-01 17:45:00+00:00,41869.09281507424,2025-10-01,17,Wednesday,2238.128076076215,39630.964738998024,44107.22089115046
2025-10-01 18:00:00+00:00,39701.54918635525,2025-10-01,18,Wednesday,2239.4857545251343,37462.063431830116,41941.03494088039
2025-10-01 18:15:00+00:00,39553.82743588701,2025-10-01,18,Wednesday,2240.8395813807047,37312.987854506304,41794.66701726772
2025-10-01 18:30:00+00:00,39496.77257593272,2025-10-01,18,Wednesday,2242.1895892378357,37254.582986694884,41738.96216517056
2025-10-01 18:45:00+00:00,39453.21917126024,2025-10-01,18,Wednesday,2243.5358102342784,37209.683361025964,41696.75498149452
2025-10-01 19:00:00+00:00,36547.69221818313,2025-10-01,19,Wednesday,2244.878276059555,34302.813942123576,38792.57049424269
2025-10-01 19:15:00+00:00,36547.69221818313,2025-10-01,19,Wednesday,2246.2170179636555,34301.47520021948,38793.909236146785
2025-10-01 19:30:00+00:00,36457.85992708335,2025-10-01,19,Wednesday,2247.552066765534,34210.307860317815,38705.41199384889
2025-10-01 19:45:00+00:00,36461.5980456122,2025-10-01,19,Wednesday,2248.883452861381,34212.71459275082,38710.48149847358
2025-10-01 20:00:00+00:00,34549.037463759705,2025-10-01,20,Wednesday,2250.2112062326983,32298.826257527006,36799.248669992405
2025-10-01 20:15:00+00:00,34549.037463759705,2025-10-01,20,Wednesday,2251.535356454179,32297.502107305525,36800.572820213885
2025-10-01 20:30:00+00:00,34594.63977859168,2025-10-01,20,Wednesday,2252.8559327013922,32341.783845890284,36847.49571129307
2025-10-01 20:45:00+00:00,34570.11497180803,2025-10-01,20,Wednesday,2254.172963758284,32315.942008049744,36824.28793556631
2025-10-01 21:00:00+00:00,30784.053802547784,2025-10-01,21,Wednesday,2255.4864780244966,28528.567324523287,33039.54028057228
2025-10-01 21:15:00+00:00,30547.72561956544,2025-10-01,21,Wednesday,2256.7965035225143,28290.929116042927,32804.522123087954
2025-10-01 21:30:00+00:00,30299.514103814152,2025-10-01,21,Wednesday,2258.1030679046394,28041.411035909514,32557.61717171879
2025-10-01 21:45:00+00:00,30174.248325257224,2025-10-01,21,Wednesday,2259.406198459802,27914.842126797423,32433.654523717025
2025-10-01 22:00:00+00:00,27758.311062626242,2025-10-01,22,Wednesday,2260.705922120208,25497.605140506035,30019.01698474645
2025-10-01 22:15:00+00:00,27620.782810170727,2025-10-01,22,Wednesday,2262.0022654678373,25358.78054470289,29882.785075638563
2025-10-01 22:30:00+00:00,27424.111688426598,2025-10-01,22,Wednesday,2263.295254740785,25160.816433685814,29687.40694316738
2025-10-01 22:45:00+00:00,27424.111688426598,2025-10-01,22,Wednesday,2264.5849158394562,25159.52677258714,29688.696604266053
2025-10-01 23:00:00+00:00,26841.77358457169,2025-10-01,23,Wednesday,2265.871274332622,24575.902310239067,29107.64485890431
2025-10-01 23:15:00+00:00,26841.77358457169,2025-10-01,23,Wednesday,2267.154355463332,24574.619229108357,29108.92794003502
2025-10-01 23:30:00+00:00,26841.77358457169,2025-10-01,23,Wednesday,2268.434184154697,24573.339400416993,29110.207768726385
2025-10-01 23:45:00+00:00,26798.997606234065,2025-10-01,23,Wednesday,2269.7107850155326,24529.28682121853,29068.7083912496
2025-10-02 00:00:00+00:00,26461.543075333004,2025-10-02,0,Thursday,2270.9841823458846,24190.55889298712,28732.52725767889
2025-10-02 00:15:00+00:00,26461.543075333004,2025-10-02,0,Thursday,2272.254400142424,24189.28867519058,28733.79747547543
2025-10-02 00:30:00+00:00,26461.543075333004,2025-10-02,0,Thursday,2273.521462103723,24188.02161322928,28735.064537436727
2025-10-02 00:45:00+00:00,26461.543075333004,2025-10-02,0,Thursday,2274.785391635414,24186.75768369759,28736.328466968418
2025-10-02 01:00:00+00:00,26294.93427808891,2025-10-02,1,Thursday,2276.046211855233,24018.888066233674,28570.980489944144
2025-10-02 01:15:00+00:00,26294.93427808891,2025-10-02,1,Thursday,2277.303945597958,24017.630332490953,28572.238223686865
2025-10-02 01:30:00+00:00,26349.45321462086,2025-10-02,1,Thursday,2278.558615420225,24070.894599200634,28628.011830041083
2025-10-02 01:45:00+00:00,26294.93427808891,2025-10-02,1,Thursday,2279.810243605258,24015.12403448365,28574.744521694167
2025-10-02 02:00:00+00:00,25884.244979200248,2025-10-02,2,Thursday,2281.0588521674795,23603.186127032768,28165.303831367728
2025-10-02 02:15:00+00:00,26051.485791919753,2025-10-02,2,Thursday,2282.3044628570306,23769.18132906272,28333.790254776784
2025-10-02 02:30:00+00:00,26110.0841639897,2025-10-02,2,Thursday,2283.5470971641926,23826.53706682551,28393.631261153892
2025-10-02 02:45:00+00:00,26266.22385226276,2025-10-02,2,Thursday,2284.7867763237105,23981.437075939048,28551.01062858647
2025-10-02 03:00:00+00:00,28009.846984352982,2025-10-02,3,Thursday,2286.023521319029,25723.823463033954,30295.87050567201
2025-10-02 03:15:00+00:00,28108.102783687005,2025-10-02,3,Thursday,2287.257352886435,25820.84543080057,30395.36013657344
2025-10-02 03:30:00+00:00,28738.2342427808,2025-10-02,3,Thursday,2288.4882915191147,26449.745951261684,31026.722534299915
2025-10-02 03:45:00+00:00,29311.919460115496,2025-10-02,3,Thursday,2289.7163574711262,27022.20310264437,31601.635817586623
2025-10-02 04:00:00+00:00,38044.7181539964,2025-10-02,4,Thursday,2290.9415707612843,35753.776583235114,40335.65972475769
2025-10-02 04:15:00+00:00,39656.0291609318,2025-10-02,4,Thursday,2292.1639511769727,37363.865209754826,41948.19311210878
2025-10-02 04:30:00+00:00,40748.15311096688,2025-10-02,4,Thursday,2293.383518277868,38454.76959268901,43041.53662924475
2025-10-02 04:45:00+00:00,41599.36875009739,2025-10-02,4,Thursday,2294.600291399595,39304.76845869779,43893.96904149699
2025-10-02 05:00:00+00:00,51431.41227797136,2025-10-02,5,Thursday,2295.814289657301,49135.59798831405,53727.22656762866
2025-10-02 05:15:00+00:00,52016.293583906045,2025-10-02,5,Thursday,2297.0255319491603,49719.26805195688,54313.31911585521
2025-10-02 05:30:00+00:00,52177.390452201726,2025-10-02,5,Thursday,2298.234036959807,49879.156415241916,54475.624489161535
2025-10-02 05:45:00+00:00,52403.45510940086,2025-10-02,5,Thursday,2299.4398231636974,50104.01528623716,54702.89493256455
2025-10-02 06:00:00+00:00,52706.14401460029,2025-10-02,6,Thursday,2300.6429088284044,50405.50110577189,55006.7869234287
2025-10-02 06:15:00+00:00,52824.91390893198,2025-10-02,6,Thursday,2301.843312017849,50523.07059691413,55126.75722094983
2025-10-02 06:30:00+00:00,52930.203899759385,2025-10-02,6,Thursday,2303.04105059546,50627.16284916393,55233.24495035484
2025-10-02 06:45:00+00:00,52930.203899759385,2025-10-02,6,Thursday,2304.236142227283,50625.967757532104,55234.440041986665
2025-10-02 07:00:00+00:00,51750.58191515847,2025-10-02,7,Thursday,2305.4286043850116,49445.15331077346,54056.01051954349
2025-10-02 07:15:00+00:00,51750.58191515847,2025-10-02,7,Thursday,2306.618454348974,49443.9634608095,54057.200369507445
2025-10-02 07:30:00+00:00,51750.58191515847,2025-10-02,7,Thursday,2307.805709211053,49442.77620594742,54058.38762436953
2025-10-02 07:45:00+00:00,51750.58191515847,2025-10-02,7,Thursday,2308.9903858775497,49441.59152928092,54059.57230103602
2025-10-02 08:00:00+00:00,47913.6199520106,2025-10-02,8,Thursday,2310.172501071993,45603.447450938605,50223.7924530826
2025-10-02 08:15:00+00:00,48431.51390882977,2025-10-02,8,Thursday,2311.3520713378934,46120.161837491876,50742.86598016767
2025-10-02 08:30:00+00:00,48431.51390882977,2025-10-02,8,Thursday,2312.5291130414457,46118.984795788325,50744.04302187122
2025-10-02 08:45:00+00:00,48835.58985738988,2025-10-02,8,Thursday,2313.7036423741765,46521.88621501571,51149.293499764055
2025-10-02 09:00:00+00:00,47536.38269727893,2025-10-02,9,Thursday,2314.875675355545,45221.50702192339,49851.258372634475
2025-10-02 09:15:00+00:00,47844.00194430844,2025-10-02,9,Thursday,2316.0452278354887,45527.95671647295,50160.047172143924
2025-10-02 09:30:00+00:00,48559.103170596296,2025-10-02,9,Thursday,2317.2123154969286,46241.890855099366,50876.315486093226
2025-10-02 09:45:00+00:00,49738.58078601646,2025-10-02,9,Thursday,2318.3769538582205,47420.20383215824,52056.95773987468
2025-10-02 10:00:00+00:00,47554.600392441156,2025-10-02,10,Thursday,2319.5391582755624,45235.061234165594,49874.13955071672
2025-10-02 10:15:00+00:00,46816.29106170282,2025-10-02,10,Thursday,2320.6989439453564,44495.592117757464,49136.99000564817
2025-10-02 10:30:00+00:00,46816.29106170282,2025-10-02,10,Thursday,2321.8563259065286,44494.43473579629,49138.147387609344
2025-10-02 10:45:00+00:00,46172.030089506974,2025-10-02,10,Thursday,2323.011319042803,43849.01877046417,48495.041408549776
2025-10-02 11:00:00+00:00,45447.44906156317,2025-10-02,11,Thursday,2324.1639380849356,43123.285123478236,47771.61299964811
2025-10-02 11:15:00+00:00,45198.82560329609,2025-10-02,11,Thursday,2325.314197612906,42873.51140568319,47524.139800909
2025-10-02 11:30:00+00:00,45198.82560329609,2025-10-02,11,Thursday,2326.4621120580673,42872.36349123802,47525.28771535416
2025-10-02 11:45:00+00:00,45198.82560329609,2025-10-02,11,Thursday,2327.6076957052633,42871.21790759083,47526.43329900136
2025-10-02 12:00:00+00:00,44098.43994737228,2025-10-02,12,Thursday,2328.750962694897,41769.688984677385,46427.19091006718
2025-10-02 12:15:00+00:00,44098.43994737228,2025-10-02,12,Thursday,2329.891927024971,41768.54802034731,46428.33187439725
2025-10-02 12:30:00+00:00,44098.43994737228,2025-10-02,12,Thursday,2331.030602553085,41767.40934481919,46429.47054992537
2025-10-02 12:45:00+00:00,44098.43994737228,2025-10-02,12,Thursday,2332.1670029984007,41766.27294437388,46430.60695037068
2025-10-02 13:00:00+00:00,43625.148370477196,2025-10-02,13,Thursday,2333.301141943568,41291.84722853363,45958.44951242076
2025-10-02 13:15:00+00:00,43625.148370477196,2025-10-02,13,Thursday,2334.433032836624,41290.71533764057,45959.58140331382
2025-10-02 13:30:00+00:00,43625.148370477196,2025-10-02,13,Thursday,2335.562688992848,41289.58568148435,45960.71105947004
2025-10-02 13:45:00+00:00,43625.148370477196,2025-10-02,13,Thursday,2336.690123596592,41288.458246880604,45961.83849407379
2025-10-02 14:00:00+00:00,43104.05784009666,2025-10-02,14,Thursday,2337.815349703075,40766.24249039359,45441.873189799735
2025-10-02 14:15:00+00:00,43104.05784009666,2025-10-02,14,Thursday,2338.9383802401485,40765.11945985651,45442.99622033681
2025-10-02 14:30:00+00:00,43104.05784009666,2025-10-02,14,Thursday,2340.059228010026,40763.99861208664,45444.11706810669
2025-10-02 14:45:00+00:00,43104.05784009666,2025-10-02,14,Thursday,2341.17790569099,40762.879934405675,45445.23574578765
2025-10-02 15:00:00+00:00,43104.05784009666,2025-10-02,15,Thursday,2342.2944258390608,40761.7634142576,45446.352265935726
2025-10-02 15:15:00+00:00,43104.05784009666,2025-10-02,15,Thursday,2343.408800889645,40760.64903920702,45447.466640986306
2025-10-02 15:30:00+00:00,43104.05784009666,2025-10-02,15,Thursday,2344.5210431591477,40759.536796937515,45448.57888325581
2025-10-02 15:45:00+00:00,43104.05784009666,2025-10-02,15,Thursday,2345.6311648465635,40758.4266752501,45449.689004943226
2025-10-02 16:00:00+00:00,43148.641906082936,2025-10-02,16,Thursday,2346.7391780350354,40801.9027280479,45495.38108411797
2025-10-02 16:15:00+00:00,43148.641906082936,2025-10-02,16,Thursday,2347.845094693391,40800.79681138955,45496.487000776324
2025-10-02 16:30:00+00:00,43148.641906082936,2025-10-02,16,Thursday,2348.94892667765,40799.692979405285,45497.59083276059
2025-10-02 16:45:00+00:00,43148.641906082936,2025-10-02,16,Thursday,2350.0506857325063,40798.59122035043,45498.692591815445
2025-10-02 17:00:00+00:00,42329.588497723154,2025-10-02,17,Thursday,2351.150383492789,39978.43811423037,44680.73888121594
2025-10-02 17:15:00+00:00,42329.588497723154,2025-10-02,17,Thursday,2352.2480314848917,39977.34046623826,44681.83652920805
2025-10-02 17:30:00+00:00,42329.588497723154,2025-10-02,17,Thursday,2353.3436411281855,39976.24485659497,44682.93213885134
2025-10-02 17:45:00+00:00,42329.588497723154,2025-10-02,17,Thursday,2354.4372237364028,39975.151273986754,44684.025721459555
2025-10-02 18:00:00+00:00,39840.33887159422,2025-10-02,18,Thursday,2355.528790519003,37484.810081075215,42195.867662113225
2025-10-02 18:15:00+00:00,39840.33887159422,2025-10-02,18,Thursday,2356.6183525825086,37483.72051901171,42196.95722417673
2025-10-02 18:30:00+00:00,39840.33887159422,2025-10-02,18,Thursday,2357.70592093183,37482.63295066239,42198.04479252605
2025-10-02 18:45:00+00:00,39840.33887159422,2025-10-02,18,Thursday,2358.7915064715557,37481.547365122664,42199.130378065776
2025-10-02 19:00:00+00:00,36793.91133300657,2025-10-02,19,Thursday,2359.8751200072325,34434.03621299934,39153.786453013796
2025-10-02 19:15:00+00:00,36793.91133300657,2025-10-02,19,Thursday,2360.956772246619,34432.95456075995,39154.86810525318
2025-10-02 19:30:00+00:00,36793.91133300657,2025-10-02,19,Thursday,2362.0364738009193,34431.87485920565,39155.94780680748
2025-10-02 19:45:00+00:00,36793.91133300657,2025-10-02,19,Thursday,2363.1142351859994,34430.79709782057,39157.02556819256
2025-10-02 20:00:00+00:00,34354.03383804486,2025-10-02,20,Thursday,2364.1900668235785,31989.84377122128,36718.223904868435
2025-10-02 20:15:00+00:00,34354.03383804486,2025-10-02,20,Thursday,2365.2639790424096,31988.76985900245,36719.29781708727
2025-10-02 20:30:00+00:00,34354.03383804486,2025-10-02,20,Thursday,2366.3359820794335,31987.697855965427,36720.369820124295
2025-10-02 20:45:00+00:00,34354.03383804486,2025-10-02,20,Thursday,2367.4060860809177,31986.62775196394,36721.43992412578
2025-10-02 21:00:00+00:00,31271.3336533891,2025-10-02,21,Thursday,2368.4743011035766,28902.859352285526,33639.80795449268
2025-10-02 21:15:00+00:00,30863.275468961718,2025-10-02,21,Thursday,2369.5406371156746,28493.734831846043,33232.81610607739
2025-10-02 21:30:00+00:00,30694.747314104738,2025-10-02,21,Thursday,2370.6051039981116,28324.142210106627,33065.35241810285
2025-10-02 21:45:00+00:00,30729.669836535613,2025-10-02,21,Thursday,2371.6677115454913,28358.002124990122,33101.33754808111
2025-10-02 22:00:00+00:00,27419.395907464543,2025-10-02,22,Thursday,2372.7284694671716,25046.66743799737,29792.124376931715
2025-10-02 22:15:00+00:00,27382.60408143564,2025-10-02,22,Thursday,2373.7873873883013,25008.81669404734,29756.39146882394
2025-10-02 22:30:00+00:00,27292.901605731084,2025-10-02,22,Thursday,2374.844474850838,24918.057130880246,29667.74608058192
2025-10-02 22:45:00+00:00,27292.901605731084,2025-10-02,22,Thursday,2375.8997413145507,24917.001864416532,29668.801347045635
2025-10-02 23:00:00+00:00,26722.09226283654,2025-10-02,23,Thursday,2376.9531961580083,24345.139066678534,29099.045458994548
2025-10-02 23:15:00+00:00,26722.09226283654,2025-10-02,23,Thursday,2378.004848679553,24344.087414156988,29100.097111516094
2025-10-02 23:30:00+00:00,26722.09226283654,2025-10-02,23,Thursday,2379.054708098257,24343.037554738283,29101.1469709348
2025-10-02 23:45:00+00:00,26722.09226283654,2025-10-02,23,Thursday,2380.1027835548634,24341.989479281678,29102.195046391404
2025-10-03 00:00:00+00:00,26680.634760251098,2025-10-03,0,Friday,2381.149084112718,24299.485676138378,29061.783844363817
2025-10-03 00:15:00+00:00,26680.634760251098,2025-10-03,0,Friday,2382.1936187586825,24298.441141492414,29062.82837900978
2025-10-03 00:30:00+00:00,26680.634760251098,2025-10-03,0,Friday,2383.2363964040337,24297.398363847064,29063.871156655132
2025-10-03 00:45:00+00:00,26680.634760251098,2025-10-03,0,Friday,2384.277425885353,24296.357334365744,29064.91218613645
2025-10-03 01:00:00+00:00,26400.256391550985,2025-10-03,1,Friday,2385.3167159653976,24014.93967558559,28785.573107516382
2025-10-03 01:15:00+00:00,26400.256391550985,2025-10-03,1,Friday,2386.3542753339625,24013.902116217025,28786.610666884946
2025-10-03 01:30:00+00:00,26548.602170077676,2025-10-03,1,Friday,2387.3901126087285,24161.212057468947,28935.992282686406
2025-10-03 01:45:00+00:00,26400.256391550985,2025-10-03,1,Friday,2388.424236336096,24011.83215521489,28788.680627887083
2025-10-03 02:00:00+00:00,26000.66821710877,2025-10-03,2,Friday,2389.4566549920073,23611.21156211676,28390.12487210078
2025-10-03 02:15:00+00:00,26059.26658917872,2025-10-03,2,Friday,2390.487376982761,23668.779212195957,28449.75396616148
2025-10-03 02:30:00+00:00,26172.095804941484,2025-10-03,2,Friday,2391.516410645805,23780.57939429568,28563.612215587287
2025-10-03 02:45:00+00:00,26215.406277451777,2025-10-03,2,Friday,2392.543764250528,23822.86251320125,28607.950041702305
2025-10-03 03:00:00+00:00,28198.884667201313,2025-10-03,3,Friday,2393.569445999031,25805.315221202283,30592.454113200343
2025-10-03 03:15:00+00:00,28393.348331993246,2025-10-03,3,Friday,2394.5934640268947,25998.754867966352,30787.94179602014
2025-10-03 03:30:00+00:00,28791.59433283135,2025-10-03,3,Friday,2395.6158264039304,26395.978506427422,31187.21015923528
2025-10-03 03:45:00+00:00,29326.28595852835,2025-10-03,3,Friday,2396.6365411349225,26929.64941739343,31722.922499663273
2025-10-03 04:00:00+00:00,39980.09639977353,2025-10-03,4,Friday,2397.655616160359,37582.44078361317,42377.75201593389
2025-10-03 04:15:00+00:00,40506.88516979174,2025-10-03,4,Friday,2398.673059357154,38108.212110434586,42905.5582291489
2025-10-03 04:30:00+00:00,40843.510714828146,2025-10-03,4,Friday,2399.688878539356,38443.82183628879,43243.1995933675
2025-10-03 04:45:00+00:00,42889.810870046254,2025-10-03,4,Friday,2400.7030814588493,40489.107788587404,45290.513951505105
2025-10-03 05:00:00+00:00,52738.648002313574,2025-10-03,5,Friday,2401.7156758060437,50336.93232650753,55140.36367811962
2025-10-03 05:15:00+00:00,53101.210004430235,2025-10-03,5,Friday,2402.7266692105545,50698.48333521968,55503.93667364079
2025-10-03 05:30:00+00:00,53354.96984991019,2025-10-03,5,Friday,2403.736069241875,50951.23378066831,55758.70591915206
2025-10-03 05:45:00+00:00,53436.5024109247,2025-10-03,5,Friday,2404.743883410036,51031.75852751467,55841.246294334735
2025-10-03 06:00:00+00:00,53659.60632000731,2025-10-03,6,Friday,2405.7501191662564,51253.85620084105,56065.35643917357
2025-10-03 06:15:00+00:00,53728.11354189239,2025-10-03,6,Friday,2406.7547839035897,51321.3587579888,56134.86832579598
2025-10-03 06:30:00+00:00,53728.11354189239,2025-10-03,6,Friday,2407.757884957555,51320.35565693483,56135.871426849946
2025-10-03 06:45:00+00:00,53728.11354189239,2025-10-03,6,Friday,2408.759429606762,51319.354112285626,56136.87297149915
2025-10-03 07:00:00+00:00,52649.279178196804,2025-10-03,7,Friday,2409.7594250735283,50239.51975312328,55059.03860327033
2025-10-03 07:15:00+00:00,52649.279178196804,2025-10-03,7,Friday,2410.757878524487,50238.52129967232,55060.03705672129
2025-10-03 07:30:00+00:00,52649.279178196804,2025-10-03,7,Friday,2411.754797071184,50237.52438112562,55061.03397526799
2025-10-03 07:45:00+00:00,52649.279178196804,2025-10-03,7,Friday,2412.7501877706713,50236.52899042613,55062.02936596748
2025-10-03 08:00:00+00:00,49556.42446048717,2025-10-03,8,Friday,2413.744057626089,47142.68040286108,51970.16851811326
2025-10-03 08:15:00+00:00,50071.11635346636,2025-10-03,8,Friday,2414.736413587241,47656.379939879116,52485.8527670536
2025-10-03 08:30:00+00:00,50071.11635346636,2025-10-03,8,Friday,2415.7272625511573,47655.3890909152,52486.84361601751
2025-10-03 08:45:00+00:00,50203.47433183404,2025-10-03,8,Friday,2416.7166113626613,47786.75772047138,52620.1909431967
2025-10-03 09:00:00+00:00,49189.6760193238,2025-10-03,9,Friday,2417.7044668149147,46771.97155250888,51607.38048613872
2025-10-03 09:15:00+00:00,49494.41264780043,2025-10-03,9,Friday,2418.690835649965,47075.72181215047,51913.103483450395
2025-10-03 09:30:00+00:00,50014.43964376526,2025-10-03,9,Friday,2419.6757245592817,47594.76391920598,52434.11536832454
2025-10-03 09:45:00+00:00,50942.913480948926,2025-10-03,9,Friday,2420.6591401842848,48522.254340764644,53363.57262113321
2025-10-03 10:00:00+00:00,48561.68481898915,2025-10-03,10,Friday,2421.6410891168694,46140.04372987228,50983.325908106024
2025-10-03 10:15:00+00:00,47699.758723326224,2025-10-03,10,Friday,2422.6215778999185,45277.137145426306,50122.38030122614
2025-10-03 10:30:00+00:00,47699.758723326224,2025-10-03,10,Friday,2423.600613027815,45276.158110298406,50123.35933635404
2025-10-03 10:45:00+00:00,47072.33311924454,2025-10-03,10,Friday,2424.5782009469413,44647.7549182976,49496.91132019148
2025-10-03 11:00:00+00:00,45822.21256208056,2025-10-03,11,Friday,2425.554348056173,43396.658214024385,48247.766910136736
2025-10-03 11:15:00+00:00,45436.11290911165,2025-10-03,11,Friday,2426.529060707372,43009.58384840428,47862.64196981902
2025-10-03 11:30:00+00:00,45436.11290911165,2025-10-03,11,Friday,2427.502345205865,43008.610563905786,47863.61525431752
2025-10-03 11:45:00+00:00,45436.11290911165,2025-10-03,11,Friday,2428.474207810921,43007.63870130073,47864.58711692257
2025-10-03 12:00:00+00:00,44059.358175745816,2025-10-03,12,Friday,2429.4446547362213,41629.91352100959,46488.80283048204
2025-10-03 12:15:00+00:00,44059.358175745816,2025-10-03,12,Friday,2430.41369215032,41628.94448359549,46489.77186789614
2025-10-03 12:30:00+00:00,44059.358175745816,2025-10-03,12,Friday,2431.381326177106,41627.97684956871,46490.73950192292
2025-10-03 12:45:00+00:00,44059.358175745816,2025-10-03,12,Friday,2432.3475628962515,41627.01061284957,46491.705738642064
2025-10-03 13:00:00+00:00,43489.20093807351,2025-10-03,13,Friday,2433.3124083436574,41055.888529729855,45922.51334641717
2025-10-03 13:15:00+00:00,43489.20093807351,2025-10-03,13,Friday,2434.2758685118965,41054.925069561614,45923.47680658541
2025-10-03 13:30:00+00:00,43489.20093807351,2025-10-03,13,Friday,2435.237949350643,41053.962988722866,45924.438887424156
2025-10-03 13:45:00+00:00,43489.20093807351,2025-10-03,13,Friday,2436.198656767105,41053.002281306406,45925.399594840615
2025-10-03 14:00:00+00:00,43196.88925093379,2025-10-03,14,Friday,2437.1579966264458,40759.73125430734,45634.04724756024
2025-10-03 14:15:00+00:00,43196.88925093379,2025-10-03,14,Friday,2438.115974752203,40758.773276181586,45635.00522568599
2025-10-03 14:30:00+00:00,43196.88925093379,2025-10-03,14,Friday,2439.0725969266987,40757.81665400709,45635.96184786049
2025-10-03 14:45:00+00:00,43196.88925093379,2025-10-03,14,Friday,2440.027868891448,40756.86138204234,45636.91711982524
2025-10-03 15:00:00+00:00,43196.88925093379,2025-10-03,15,Friday,2440.9817963475634,40755.907454586224,45637.871047281355
2025-10-03 15:15:00+00:00,43196.88925093379,2025-10-03,15,Friday,2441.9343849561465,40754.95486597764,45638.82363588994
2025-10-03 15:30:00+00:00,43196.88925093379,2025-10-03,15,Friday,2442.8856403386844,40754.00361059511,45639.77489127247
2025-10-03 15:45:00+00:00,43196.88925093379,2025-10-03,15,Friday,2443.835568077436,40753.053682856356,45640.72481901122
2025-10-03 16:00:00+00:00,43272.840263880964,2025-10-03,16,Friday,2444.7841737158124,40828.05609016515,45717.62443759678
2025-10-03 16:15:00+00:00,43272.840263880964,2025-10-03,16,Friday,2445.731462758755,40827.10880112221,45718.57172663972
2025-10-03 16:30:00+00:00,43272.840263880964,2025-10-03,16,Friday,2446.6774406731092,40826.16282320785,45719.51770455408
2025-10-03 16:45:00+00:00,43272.840263880964,2025-10-03,16,Friday,2447.6221128879924,40825.21815099297,45720.462376768955
2025-10-03 17:00:00+00:00,42539.91196623015,2025-10-03,17,Friday,2448.5654847951564,40091.34648143499,44988.47745102531
2025-10-03 17:15:00+00:00,42539.91196623015,2025-10-03,17,Friday,2449.507561749346,40090.4044044808,44989.4195279795
2025-10-03 17:30:00+00:00,42539.91196623015,2025-10-03,17,Friday,2450.448349068657,40089.4636171615,44990.36031529881
2025-10-03 17:45:00+00:00,42539.91196623015,2025-10-03,17,Friday,2451.387852034883,40088.52411419527,44991.29981826503
2025-10-03 18:00:00+00:00,39715.64854914448,2025-10-03,18,Friday,2452.326075893861,37263.32247325061,42167.97462503834
2025-10-03 18:15:00+00:00,39715.64854914448,2025-10-03,18,Friday,2453.263025855816,37262.38552328866,42168.91157500029
2025-10-03 18:30:00+00:00,39715.64854914448,2025-10-03,18,Friday,2454.198707095698,37261.44984204878,42169.84725624017
2025-10-03 18:45:00+00:00,39715.64854914448,2025-10-03,18,Friday,2455.133124753513,37260.515424390964,42170.78167389799
2025-10-03 19:00:00+00:00,36534.3315251127,2025-10-03,19,Friday,2456.066283934655,34078.265241178044,38990.397809047354
2025-10-03 19:15:00+00:00,36534.3315251127,2025-10-03,19,Friday,2456.99818971023,34077.333335402465,38991.32971482293
2025-10-03 19:30:00+00:00,36534.3315251127,2025-10-03,19,Friday,2457.9288471173777,34076.40267799532,38992.26037223008
2025-10-03 19:45:00+00:00,36534.3315251127,2025-10-03,19,Friday,2458.8582611595907,34075.47326395311,38993.18978627229
2025-10-03 20:00:00+00:00,34202.21507040213,2025-10-03,20,Friday,2459.786436807026,31742.428633595107,36662.00150720916
2025-10-03 20:15:00+00:00,34202.21507040213,2025-10-03,20,Friday,2460.713378996816,31741.501691405316,36662.92844939895
2025-10-03 20:30:00+00:00,34202.21507040213,2025-10-03,20,Friday,2461.6390926333775,31740.575977768756,36663.85416303551
2025-10-03 20:45:00+00:00,34202.21507040213,2025-10-03,20,Friday,2462.5635825887084,31739.651487813426,36664.77865299084
2025-10-03 21:00:00+00:00,31531.394282002082,2025-10-03,21,Friday,2463.4868537026923,29067.90742829939,33994.881135704774
2025-10-03 21:15:00+00:00,31209.212008557442,2025-10-03,21,Friday,2464.408910783394,28744.80309777405,33673.620919340836
2025-10-03 21:30:00+00:00,31010.517763591193,2025-10-03,21,Friday,2465.329758607346,28545.188004983847,33475.84752219854
2025-10-03 21:45:00+00:00,31088.42623016588,2025-10-03,21,Friday,2466.249401919844,28622.176828246033,33554.675632085724
2025-10-03 22:00:00+00:00,27467.590333063774,2025-10-03,22,Friday,2467.167845435229,25000.422487628544,29934.758178499003
2025-10-03 22:15:00+00:00,27467.590333063774,2025-10-03,22,Friday,2468.0850938371696,24999.505239226604,29935.675426900943
2025-10-03 22:30:00+00:00,27293.755442128764,2025-10-03,22,Friday,2469.001151778939,24824.754290349825,29762.756593907703
2025-10-03 22:45:00+00:00,27293.755442128764,2025-10-03,22,Friday,2469.9160238836944,24823.83941824507,29763.67146601246
2025-10-03 23:00:00+00:00,26798.180484336135,2025-10-03,23,Friday,2470.8297147447447,24327.35076959139,29269.01019908088
2025-10-03 23:15:00+00:00,26798.180484336135,2025-10-03,23,Friday,2471.7422289258225,24326.438255410314,29269.922713261956
2025-10-03 23:30:00+00:00,26798.180484336135,2025-10-03,23,Friday,2472.65357096135,24325.526913374786,29270.834055297484
2025-10-03 23:45:00+00:00,26798.180484336135,2025-10-03,23,Friday,2473.5637453567006,24324.616738979435,29271.744229692835
2025-10-04 00:00:00+00:00,26704.975726056884,2025-10-04,0,Saturday,2474.472756588459,24230.502969468424,29179.448482645344
2025-10-04 00:15:00+00:00,26704.975726056884,2025-10-04,0,Saturday,2475.380609104678,24229.595116952205,29180.356335161563
2025-10-04 00:30:00+00:00,26704.975726056884,2025-10-04,0,Saturday,2476.287307325135,24228.68841873175,29181.26303338202
2025-10-04 00:45:00+00:00,26704.975726056884,2025-10-04,0,Saturday,2477.1928556415774,24227.782870415307,29182.16858169846
2025-10-04 01:00:00+00:00,26411.63066983937,2025-10-04,1,Saturday,2478.0972584179767,23933.533411421395,28889.727928257347
2025-10-04 01:15:00+00:00,26411.63066983937,2025-10-04,1,Saturday,2479.0005199907714,23932.6301498486,28890.631189830143
2025-10-04 01:30:00+00:00,26437.10389947627,2025-10-04,1,Saturday,2479.9026446691078,23957.201254807165,28917.006544145377
2025-10-04 01:45:00+00:00,26411.63066983937,2025-10-04,1,Saturday,2480.8036367350833,23930.827033104288,28892.434306574454
2025-10-04 02:00:00+00:00,25751.003589658063,2025-10-04,2,Saturday,2481.7035004439817,23269.30008921408,28232.707090102045
2025-10-04 02:15:00+00:00,25805.522526190012,2025-10-04,2,Saturday,2482.6022400245065,23322.920286165507,28288.124766214518
2025-10-04 02:30:00+00:00,25889.69415877737,2025-10-04,2,Saturday,2483.499859679015,23406.194299098355,28373.194018456383
2025-10-04 02:45:00+00:00,25907.14327793112,2025-10-04,2,Saturday,2484.396363583747,23422.746914347375,28391.539641514868
2025-10-04 03:00:00+00:00,27939.487814209424,2025-10-04,3,Saturday,2485.291755889051,25454.196058320373,30424.779570098475
2025-10-04 03:15:00+00:00,28163.189152121486,2025-10-04,3,Saturday,2486.1860407196073,25677.00311140188,30649.375192841093
2025-10-04 03:30:00+00:00,28386.529939476255,2025-10-04,3,Saturday,2487.079222174652,25899.450717301603,30873.609161650907
2025-10-04 03:45:00+00:00,28803.32603623696,2025-10-04,3,Saturday,2487.971304328194,26315.354731908763,31291.297340565154
2025-10-04 04:00:00+00:00,33636.65794140155,2025-10-04,4,Saturday,2488.862291229235,31147.795650172317,36125.520232630784
2025-10-04 04:15:00+00:00,33801.148372082134,2025-10-04,4,Saturday,2489.7521869019793,31311.396185180154,36290.90055898411
2025-10-04 04:30:00+00:00,33996.204754887134,2025-10-04,4,Saturday,2490.64099534605,31505.563759541084,36486.84575023319
2025-10-04 04:45:00+00:00,36014.83383643519,2025-10-04,4,Saturday,2491.528720536696,33523.30511589849,38506.362556971886
2025-10-04 05:00:00+00:00,42227.933024963306,2025-10-04,5,Saturday,2492.4153664250007,39735.5176585383,44720.34839138831
2025-10-04 05:15:00+00:00,42434.079747255186,2025-10-04,5,Saturday,2493.300936938088,39940.7788103171,44927.380684193275
2025-10-04 05:30:00+00:00,42437.70590450946,2025-10-04,5,Saturday,2494.185435979323,39943.520468530136,44931.89134048878
2025-10-04 05:45:00+00:00,42437.70590450946,2025-10-04,5,Saturday,2495.068867428514,39942.637037080945,44932.77477193797
2025-10-04 06:00:00+00:00,42510.150355311525,2025-10-04,6,Saturday,2495.9512351421113,40014.19912016941,45006.10159045364
2025-10-04 06:15:00+00:00,42516.803777938694,2025-10-04,6,Saturday,2496.8325429534034,40019.97123498529,45013.636320892096
2025-10-04 06:30:00+00:00,42516.803777938694,2025-10-04,6,Saturday,2497.7127946727114,40019.09098326598,45014.51657261141
2025-10-04 06:45:00+00:00,42516.803777938694,2025-10-04,6,Saturday,2498.59199408758,40018.21178385111,45015.39577202628
2025-10-04 07:00:00+00:00,42107.08953740136,2025-10-04,7,Saturday,2499.4701449629697,39607.61939243839,44606.559682364335
2025-10-04 07:15:00+00:00,42107.08953740136,2025-10-04,7,Saturday,2500.347251041443,39606.74228635992,44607.43678844281
2025-10-04 07:30:00+00:00,42107.08953740136,2025-10-04,7,Saturday,2501.223316043351,39605.86622135801,44608.31285344472
2025-10-04 07:45:00+00:00,42107.08953740136,2025-10-04,7,Saturday,2502.0983436670194,39604.99119373434,44609.187881068385
2025-10-04 08:00:00+00:00,40215.59104107464,2025-10-04,8,Saturday,2502.972337588928,37712.61870348571,42718.563378663566
2025-10-04 08:15:00+00:00,40688.78857173499,2025-10-04,8,Saturday,2503.845301463891,38184.943270271106,43192.63387319888
2025-10-04 08:30:00+00:00,40688.78857173499,2025-10-04,8,Saturday,2504.7172389252373,38184.071332809755,43193.50581066023
2025-10-04 08:45:00+00:00,40736.808875335104,2025-10-04,8,Saturday,2505.588153584987,38231.22072175012,43242.39702892009
2025-10-04 09:00:00+00:00,40278.32678525698,2025-10-04,9,Saturday,2506.4580490340227,37771.868736222954,42784.784834291
2025-10-04 09:15:00+00:00,40479.45159659003,2025-10-04,9,Saturday,2507.3269288422657,37972.12466774776,42986.778525432295
2025-10-04 09:30:00+00:00,40952.649127250384,2025-10-04,9,Saturday,2508.1947965588456,38444.45433069154,43460.84392380923
2025-10-04 09:45:00+00:00,41585.34197564581,2025-10-04,9,Saturday,2509.061655712269,39076.28031993354,44094.40363135808
2025-10-04 10:00:00+00:00,40165.32672770297,2025-10-04,10,Saturday,2509.9275098105873,37655.39921789239,42675.25423751356
2025-10-04 10:15:00+00:00,39894.539186625734,2025-10-04,10,Saturday,2510.792362341563,37383.74682428417,42405.3315489673
2025-10-04 10:30:00+00:00,39894.539186625734,2025-10-04,10,Saturday,2511.6562167728325,37382.8829698529,42406.19540339857
2025-10-04 10:45:00+00:00,39495.417994780284,2025-10-04,10,Saturday,2512.5190765520697,36982.89891822822,42007.93707133235
2025-10-04 11:00:00+00:00,39120.53138169917,2025-10-04,11,Saturday,2513.380945107143,36607.15043659203,41633.91232680631
2025-10-04 11:15:00+00:00,38890.19583226669,2025-10-04,11,Saturday,2514.2418258462803,36375.95400642041,41404.43765811297
2025-10-04 11:30:00+00:00,38890.19583226669,2025-10-04,11,Saturday,2515.1017221582206,36375.09411010847,41405.29755442491
2025-10-04 11:45:00+00:00,38890.19583226669,2025-10-04,11,Saturday,2515.960637412372,36374.23519485432,41406.15646967906
2025-10-04 12:00:00+00:00,38277.5796531229,2025-10-04,12,Saturday,2516.818574958965,35760.76107816393,40794.39822808187
2025-10-04 12:15:00+00:00,38277.5796531229,2025-10-04,12,Saturday,2517.675538129208,35759.90411499369,40795.25519125211
2025-10-04 12:30:00+00:00,38277.5796531229,2025-10-04,12,Saturday,2518.5315302354325,35759.04812288746,40796.111183358335
2025-10-04 12:45:00+00:00,38277.5796531229,2025-10-04,12,Saturday,2519.386554571248,35758.19309855165,40796.966207694146
2025-10-04 13:00:00+00:00,37937.54515495,2025-10-04,13,Saturday,2520.240614411685,35417.304540538316,40457.78576936168
2025-10-04 13:15:00+00:00,37937.54515495,2025-10-04,13,Saturday,2521.093713013346,35416.45144193665,40458.638867963346
2025-10-04 13:30:00+00:00,37937.54515495,2025-10-04,13,Saturday,2521.945853614549,35415.59930133545,40459.491008564546
2025-10-04 13:45:00+00:00,37937.54515495,2025-10-04,13,Saturday,2522.7970394354666,35414.748115514536,40460.34219438546
2025-10-04 14:00:00+00:00,37715.24846484368,2025-10-04,14,Saturday,2523.6472736782744,35191.601191165406,40238.895738521955
2025-10-04 14:15:00+00:00,37715.24846484368,2025-10-04,14,Saturday,2524.496559527288,35190.75190531639,40239.74502437097
2025-10-04 14:30:00+00:00,37715.24846484368,2025-10-04,14,Saturday,2525.3449001491026,35189.90356469458,40240.59336499278
2025-10-04 14:45:00+00:00,37715.24846484368,2025-10-04,14,Saturday,2526.1922986927307,35189.05616615095,40241.44076353641
2025-10-04 15:00:00+00:00,37715.24846484368,2025-10-04,15,Saturday,2527.038758289739,35188.20970655394,40242.28722313342
2025-10-04 15:15:00+00:00,37715.24846484368,2025-10-04,15,Saturday,2527.8842820543823,35187.3641827893,40243.13274689806
2025-10-04 15:30:00+00:00,37715.24846484368,2025-10-04,15,Saturday,2528.7288730837404,35186.51959175994,40243.97733792742
2025-10-04 15:45:00+00:00,37715.24846484368,2025-10-04,15,Saturday,2529.5725344578454,35185.675930385834,40244.820999301526
2025-10-04 16:00:00+00:00,39129.58834884259,2025-10-04,16,Saturday,2530.415269239817,36599.17307960277,41660.00361808241
2025-10-04 16:15:00+00:00,39129.58834884259,2025-10-04,16,Saturday,2531.2570804759894,36598.3312683666,41660.84542931858
2025-10-04 16:30:00+00:00,39129.58834884259,2025-10-04,16,Saturday,2532.097971196042,36597.49037764655,41661.68632003863
2025-10-04 16:45:00+00:00,39129.58834884259,2025-10-04,16,Saturday,2532.9379444131255,36596.65040442946,41662.526293255716
2025-10-04 17:00:00+00:00,38741.80423422467,2025-10-04,17,Saturday,2533.7770031239875,36208.027231100685,41275.581237348655
2025-10-04 17:15:00+00:00,38741.80423422467,2025-10-04,17,Saturday,2534.6151503090987,36207.18908391557,41276.41938453377
2025-10-04 17:30:00+00:00,38741.80423422467,2025-10-04,17,Saturday,2535.4523889327743,36206.351845291894,41277.256623157446
2025-10-04 17:45:00+00:00,38741.80423422467,2025-10-04,17,Saturday,2536.2887219432982,36205.515512281374,41278.092956167966
2025-10-04 18:00:00+00:00,35794.761992933694,2025-10-04,18,Saturday,2537.124152273043,33257.63784066065,38331.886145206736
2025-10-04 18:15:00+00:00,35794.761992933694,2025-10-04,18,Saturday,2537.958682838591,33256.8033100951,38332.72067577229
2025-10-04 18:30:00+00:00,35794.761992933694,2025-10-04,18,Saturday,2538.792316540852,33255.969676392844,38333.554309474544
2025-10-04 18:45:00+00:00,35794.761992933694,2025-10-04,18,Saturday,2539.6250562651803,33255.13693666851,38334.38704919888
2025-10-04 19:00:00+00:00,33688.47686447651,2025-10-04,19,Saturday,2540.456904881494,31148.019959595018,36228.93376935801
2025-10-04 19:15:00+00:00,33688.47686447651,2025-10-04,19,Saturday,2541.287865244388,31147.188999232127,36229.764729720904
2025-10-04 19:30:00+00:00,33688.47686447651,2025-10-04,19,Saturday,2542.1179401932473,31146.358924283268,36230.59480466976
2025-10-04 19:45:00+00:00,33688.47686447651,2025-10-04,19,Saturday,2542.947132552364,31145.52973192415,36231.423997028876
2025-10-04 20:00:00+00:00,31568.056997011816,2025-10-04,20,Saturday,2543.7754451310466,29024.28155188077,34111.83244214286
2025-10-04 20:15:00+00:00,31568.056997011816,2025-10-04,20,Saturday,2544.60288072373,29023.454116288085,34112.65987773555
2025-10-04 20:30:00+00:00,31568.056997011816,2025-10-04,20,Saturday,2545.42944211009,29022.627554901726,34113.48643912191
2025-10-04 20:45:00+00:00,31568.056997011816,2025-10-04,20,Saturday,2546.255132055147,29021.80186495667,34114.312129066966
2025-10-04 21:00:00+00:00,29888.520473735047,2025-10-04,21,Saturday,2547.0799533093773,27341.44052042567,32435.600427044425
2025-10-04 21:15:00+00:00,29609.826996832842,2025-10-04,21,Saturday,2547.9039086088183,27061.923088224023,32157.730905441662
2025-10-04 21:30:00+00:00,29477.21814766977,2025-10-04,21,Saturday,2548.727000675176,26928.491146994595,32025.945148344945
2025-10-04 21:45:00+00:00,29513.791645055873,2025-10-04,21,Saturday,2549.549232215929,26964.242412839943,32063.340877271803
2025-10-04 22:00:00+00:00,26489.612814411623,2025-10-04,22,Saturday,2550.3706059244305,23939.242208487194,29039.98342033605
2025-10-04 22:15:00+00:00,26489.612814411623,2025-10-04,22,Saturday,2551.1911244800153,23938.42168993161,29040.803938891637
2025-10-04 22:30:00+00:00,26372.48526499654,2025-10-04,22,Saturday,2552.010790548099,23820.47447444844,28924.496055544638
2025-10-04 22:45:00+00:00,26372.48526499654,2025-10-04,22,Saturday,2552.8296067802785,23819.65565821626,28925.31487177682
2025-10-04 23:00:00+00:00,25850.425560069303,2025-10-04,23,Saturday,2553.6475758144347,23296.77798425487,28404.073135883737
2025-10-04 23:15:00+00:00,25850.425560069303,2025-10-04,23,Saturday,2554.464700274829,23295.960859794475,28404.89026034413
2025-10-04 23:30:00+00:00,25850.425560069303,2025-10-04,23,Saturday,2555.2809827722017,23295.144577297102,28405.706542841504
2025-10-04 23:45:00+00:00,25850.425560069303,2025-10-04,23,Saturday,2556.0964259038733,23294.32913416543,28406.521985973177
2025-10-05 00:00:00+00:00,25632.971407989346,2025-10-05,0,Sunday,2556.9110322538354,23076.06037573551,28189.882440243182
2025-10-05 00:15:00+00:00,25632.971407989346,2025-10-05,0,Sunday,2557.724804392849,23075.246603596497,28190.696212382194
2025-10-05 00:30:00+00:00,25632.971407989346,2025-10-05,0,Sunday,2558.5377448785393,23074.433663110805,28191.509152867886
2025-10-05 00:45:00+00:00,25632.971407989346,2025-10-05,0,Sunday,2559.349856255489,23073.621551733857,28192.321264244834
2025-10-05 01:00:00+00:00,25360.11872044643,2025-10-05,1,Sunday,2560.1611410553314,22799.9575793911,27920.27986150176
2025-10-05 01:15:00+00:00,25360.11872044643,2025-10-05,1,Sunday,2560.9716017968412,22799.147118649587,27921.09032224327
2025-10-05 01:30:00+00:00,25371.53074531406,2025-10-05,1,Sunday,2561.7812409860285,22809.749504328032,27933.311986300087
2025-10-05 01:45:00+00:00,25360.11872044643,2025-10-05,1,Sunday,2562.5900611162265,22797.528659330204,27922.708781562655
2025-10-05 02:00:00+00:00,24930.748919761987,2025-10-05,2,Sunday,2563.398064668182,22367.350855093806,27494.14698443017
2025-10-05 02:15:00+00:00,24930.748919761987,2025-10-05,2,Sunday,2564.2052541101457,22366.543665651843,27494.95417387213
2025-10-05 02:30:00+00:00,25046.71863896238,2025-10-05,2,Sunday,2565.0116318979567,22481.707007064422,27611.730270860335
2025-10-05 02:45:00+00:00,25046.71863896238,2025-10-05,2,Sunday,2565.8172004751336,22480.901438487246,27612.53583943751
2025-10-05 03:00:00+00:00,26654.34696200828,2025-10-05,3,Sunday,2566.621962272958,24087.72499973532,29220.96892428124
2025-10-05 03:15:00+00:00,26863.739536689707,2025-10-05,3,Sunday,2567.4259197105616,24296.313616979147,29431.165456400267
2025-10-05 03:30:00+00:00,27007.842517052763,2025-10-05,3,Sunday,2568.2290751950095,24439.613441857753,29576.071592247772
2025-10-05 03:45:00+00:00,27228.13370722878,2025-10-05,3,Sunday,2569.0314311213874,24659.10227610739,29797.165138350167
2025-10-05 04:00:00+00:00,31628.76581745173,2025-10-05,4,Sunday,2569.8329898728816,29058.93282757885,34198.59880732461
2025-10-05 04:15:00+00:00,31984.28377519939,2025-10-05,4,Sunday,2570.6337538208627,29413.650021378526,34554.917529020255
2025-10-05 04:30:00+00:00,32060.86829332227,2025-10-05,4,Sunday,2571.433725324968,29489.4345679973,34632.302018647235
2025-10-05 04:45:00+00:00,32341.630941735973,2025-10-05,4,Sunday,2572.232906733182,29769.398035002792,34913.863848469155
2025-10-05 05:00:00+00:00,36649.46851377382,2025-10-05,5,Sunday,2573.031300381918,34076.4372133919,39222.49981415574
2025-10-05 05:15:00+00:00,36500.66723493023,2025-10-05,5,Sunday,2573.828908596095,33926.83832633414,39074.496143526325
2025-10-05 05:30:00+00:00,36500.66723493023,2025-10-05,5,Sunday,2574.625733689221,33926.04150124101,39075.292968619455
2025-10-05 05:45:00+00:00,36500.66723493023,2025-10-05,5,Sunday,2575.421777963467,33925.24545696677,39076.089012893695
2025-10-05 06:00:00+00:00,36359.25377589217,2025-10-05,6,Sunday,2576.2170437097457,33783.03673218242,38935.47081960191
2025-10-05 06:15:00+00:00,36359.25377589217,2025-10-05,6,Sunday,2577.011533207792,33782.24224268438,38936.26530909996
2025-10-05 06:30:00+00:00,36359.25377589217,2025-10-05,6,Sunday,2577.805248726234,33781.448527165936,38937.0590246184
2025-10-05 06:45:00+00:00,36359.25377589217,2025-10-05,6,Sunday,2578.5981925226715,33780.655583369495,38937.85196841484
2025-10-05 07:00:00+00:00,36685.817735866316,2025-10-05,7,Sunday,2579.3903668437506,34106.42736902257,39265.208102710065
2025-10-05 07:15:00+00:00,36685.817735866316,2025-10-05,7,Sunday,2580.181773925238,34105.63596194108,39265.99950979155
2025-10-05 07:30:00+00:00,36685.817735866316,2025-10-05,7,Sunday,2580.9724159920934,34104.84531987422,39266.79015185841
2025-10-05 07:45:00+00:00,36685.817735866316,2025-10-05,7,Sunday,2581.762295258545,34104.05544060777,39267.58003112486
2025-10-05 08:00:00+00:00,35403.49835588903,2025-10-05,8,Sunday,2582.5514139281586,32820.94694196087,37986.04976981719
2025-10-05 08:15:00+00:00,35573.992821468644,2025-10-05,8,Sunday,2583.339774193912,32990.65304727473,38157.332595662556
2025-10-05 08:30:00+00:00,35573.992821468644,2025-10-05,8,Sunday,2584.1273782382646,32989.86544323038,38158.12019970691
2025-10-05 08:45:00+00:00,35573.992821468644,2025-10-05,8,Sunday,2584.914228233229,32989.07859323541,38158.90704970188
2025-10-05 09:00:00+00:00,35947.795373705914,2025-10-05,9,Sunday,2585.70032634044,33362.095047365474,38533.495700046355
2025-10-05 09:15:00+00:00,35995.2965936193,2025-10-05,9,Sunday,2586.485674711224,33408.81091890808,38581.78226833052
2025-10-05 09:30:00+00:00,36420.09841007972,2025-10-05,9,Sunday,2587.270275486668,33832.82813459305,39007.36868556639
2025-10-05 09:45:00+00:00,37115.175820294295,2025-10-05,9,Sunday,2588.0541307976873,34527.121689496606,39703.229951091984
2025-10-05 10:00:00+00:00,35854.81111084544,2025-10-05,10,Sunday,2588.8372427650934,33265.97386808035,38443.64835361053
2025-10-05 10:15:00+00:00,35733.55576531471,2025-10-05,10,Sunday,2589.619613499661,33143.93615181505,38323.175378814376
2025-10-05 10:30:00+00:00,35733.55576531471,2025-10-05,10,Sunday,2590.4012451021945,33143.15452021252,38323.9570104169
2025-10-05 10:45:00+00:00,35408.34669972727,2025-10-05,10,Sunday,2591.1821396635924,32817.16456006368,37999.52883939086
2025-10-05 11:00:00+00:00,35167.062307909495,2025-10-05,11,Sunday,2591.9622992649147,32575.10000864458,37759.02460717441
2025-10-05 11:15:00+00:00,34908.04202960834,2025-10-05,11,Sunday,2592.7417259774456,32315.300303630895,37500.783755585784
2025-10-05 11:30:00+00:00,34908.04202960834,2025-10-05,11,Sunday,2593.52042186276,32314.52160774558,37501.5624514711
2025-10-05 11:45:00+00:00,34908.04202960834,2025-10-05,11,Sunday,2594.298388972785,32313.743640635555,37502.34041858112
2025-10-05 12:00:00+00:00,34807.43376498157,2025-10-05,12,Sunday,2595.0756293498625,32212.358135631708,37402.509394331435
2025-10-05 12:15:00+00:00,34807.43376498157,2025-10-05,12,Sunday,2595.8521450268163,32211.581619954755,37403.28591000839
2025-10-05 12:30:00+00:00,34807.43376498157,2025-10-05,12,Sunday,2596.627938027006,32210.805826954565,37404.06170300858
2025-10-05 12:45:00+00:00,34807.43376498157,2025-10-05,12,Sunday,2597.4030103643977,32210.030754617175,37404.83677534597
2025-10-05 13:00:00+00:00,34591.93428958781,2025-10-05,13,Sunday,2598.177364043619,31993.75692554419,37190.11165363143
2025-10-05 13:15:00+00:00,34591.93428958781,2025-10-05,13,Sunday,2598.9510010600197,31992.983288527786,37190.88529064783
2025-10-05 13:30:00+00:00,34591.93428958781,2025-10-05,13,Sunday,2599.723923399735,31992.210366188072,37191.658212987546
2025-10-05 13:45:00+00:00,34591.93428958781,2025-10-05,13,Sunday,2600.496133039743,31991.438156548065,37192.43042262755
2025-10-05 14:00:00+00:00,34440.80837425025,2025-10-05,14,Sunday,2601.2676319479237,31839.540742302324,37042.07600619817
2025-10-05 14:15:00+00:00,34440.80837425025,2025-10-05,14,Sunday,2602.038422083117,31838.76995216713,37042.84679633337
2025-10-05 14:30:00+00:00,34440.80837425025,2025-10-05,14,Sunday,2602.8085053951813,31837.99986885507,37043.61687964543
2025-10-05 14:45:00+00:00,34440.80837425025,2025-10-05,14,Sunday,2603.577883825053,31837.230490425198,37044.386258075305
2025-10-05 15:00:00+00:00,34440.80837425025,2025-10-05,15,Sunday,2604.346559304799,31836.46181494545,37045.15493355505
2025-10-05 15:15:00+00:00,34440.80837425025,2025-10-05,15,Sunday,2605.114533757678,31835.69384049257,37045.922908007924
2025-10-05 15:30:00+00:00,34440.80837425025,2025-10-05,15,Sunday,2605.8818090981954,31834.926565152055,37046.690183348444
2025-10-05 15:45:00+00:00,34440.80837425025,2025-10-05,15,Sunday,2606.648387232155,31834.159987018094,37047.456761482405
2025-10-05 16:00:00+00:00,36336.8199644866,2025-10-05,16,Sunday,2607.4142700567204,33729.405694429886,38944.23423454332
2025-10-05 16:15:00+00:00,36336.8199644866,2025-10-05,16,Sunday,2608.179459460466,33728.64050502614,38944.99942394707
2025-10-05 16:30:00+00:00,36336.8199644866,2025-10-05,16,Sunday,2608.943957323432,33727.87600716317,38945.76392181004
2025-10-05 16:45:00+00:00,36336.8199644866,2025-10-05,16,Sunday,2609.707765517179,33727.11219896942,38946.527730003785
2025-10-05 17:00:00+00:00,36031.623447476115,2025-10-05,17,Sunday,2610.470885904839,33421.152561571274,38642.094333380956
2025-10-05 17:15:00+00:00,36031.623447476115,2025-10-05,17,Sunday,2611.2333203411736,33420.39012713494,38642.85676781729
2025-10-05 17:30:00+00:00,36031.623447476115,2025-10-05,17,Sunday,2611.9950706726213,33419.62837680349,38643.61851814874
2025-10-05 17:45:00+00:00,36031.623447476115,2025-10-05,17,Sunday,2612.7561387373507,33418.867308738765,38644.379586213465
2025-10-05 18:00:00+00:00,34041.82845345499,2025-10-05,18,Sunday,2613.516526365316,31428.31192708967,36655.34497982031
2025-10-05 18:15:00+00:00,34041.82845345499,2025-10-05,18,Sunday,2614.276235378303,31427.552218076686,36656.10468883329
2025-10-05 18:30:00+00:00,34041.82845345499,2025-10-05,18,Sunday,2615.0352675899853,31426.793185865004,36656.863721044974
2025-10-05 18:45:00+00:00,34041.82845345499,2025-10-05,18,Sunday,2615.79362480597,31426.03482864902,36657.62207826096
2025-10-05 19:00:00+00:00,31789.988045992366,2025-10-05,19,Sunday,2616.55130882385,29173.436737168515,34406.53935481622
2025-10-05 19:15:00+00:00,31789.988045992366,2025-10-05,19,Sunday,2617.308321433255,29172.67972455911,34407.296367425624
2025-10-05 19:30:00+00:00,31789.988045992366,2025-10-05,19,Sunday,2618.0646644158983,29171.923381576467,34408.052710408265
2025-10-05 19:45:00+00:00,31789.988045992366,2025-10-05,19,Sunday,2618.8203395456276,29171.167706446737,34408.808385537995
2025-10-05 20:00:00+00:00,30036.25103651435,2025-10-05,20,Sunday,2619.5753485884725,27416.675687925876,32655.826385102824
2025-10-05 20:15:00+00:00,30036.25103651435,2025-10-05,20,Sunday,2620.3296933026936,27415.921343211656,32656.580729817044
2025-10-05 20:30:00+00:00,30036.25103651435,2025-10-05,20,Sunday,2621.083375438828,27415.16766107552,32657.33441195318
2025-10-05 20:45:00+00:00,30036.25103651435,2025-10-05,20,Sunday,2621.8363967397413,27414.414639774608,32658.08743325409
2025-10-05 21:00:00+00:00,28614.649895700994,2025-10-05,21,Sunday,2622.588758940668,25992.061136760327,31237.23865464166
2025-10-05 21:15:00+00:00,28261.560371049167,2025-10-05,21,Sunday,2623.3404637692647,25638.2199072799,30884.900834818432
2025-10-05 21:30:00+00:00,28239.283387033032,2025-10-05,21,Sunday,2624.0915129456525,25615.19187408738,30863.374899978684
2025-10-05 21:45:00+00:00,28261.560371049167,2025-10-05,21,Sunday,2624.8419081824636,25636.718462866702,30886.402279231632
2025-10-05 22:00:00+00:00,25749.274501405554,2025-10-05,22,Sunday,2625.5916511848877,23123.682850220666,28374.866152590443
2025-10-05 22:15:00+00:00,25749.274501405554,2025-10-05,22,Sunday,2626.340743650717,23122.933757754836,28375.615245056273
2025-10-05 22:30:00+00:00,25711.653487323805,2025-10-05,22,Sunday,2627.0891872703896,23084.564300053415,28338.742674594196
2025-10-05 22:45:00+00:00,25711.653487323805,2025-10-05,22,Sunday,2627.836983727036,23083.81650359677,28339.49047105084
2025-10-05 23:00:00+00:00,25454.566828853625,2025-10-05,23,Sunday,2628.584134696523,22825.9826941571,28083.15096355015
2025-10-05 23:15:00+00:00,25454.566828853625,2025-10-05,23,Sunday,2629.3306418474954,22825.23618700613,28083.897470701122
2025-10-05 23:30:00+00:00,25454.566828853625,2025-10-05,23,Sunday,2630.0765068414225,22824.490322012203,28084.643335695047
2025-10-05 23:45:00+00:00,25454.566828853625,2025-10-05,23,Sunday,2630.821731332639,22823.745097520987,28085.388560186264
2025-10-06 00:00:00+00:00,25269.63033838396,2025-10-06,0,Monday,2631.5663169683885,22638.064021415572,27901.196655352345
2025-10-06 00:15:00+00:00,25269.63033838396,2025-10-06,0,Monday,2632.310265388866,22637.32007299509,27901.940603772826
2025-10-06 00:30:00+00:00,25269.63033838396,2025-10-06,0,Monday,2633.0535782272614,22636.5767601567,27902.68391661122
2025-10-06 00:45:00+00:00,25269.63033838396,2025-10-06,0,Monday,2633.7962571097974,22635.834081274163,27903.426595493755
2025-10-06 01:00:00+00:00,25165.881136587195,2025-10-06,1,Monday,2634.538303655777,22531.34283293142,27800.41944024297
2025-10-06 01:15:00+00:00,25165.881136587195,2025-10-06,1,Monday,2635.279719477618,22530.601417109578,27801.160856064813
2025-10-06 01:30:00+00:00,25165.881136587195,2025-10-06,1,Monday,2636.0205061808997,22529.860630406296,27801.901642768094
2025-10-06 01:45:00+00:00,25165.881136587195,2025-10-06,1,Monday,2636.7606653644,22529.120471222795,27802.641801951595
2025-10-06 02:00:00+00:00,25254.143215311793,2025-10-06,2,Monday,2637.500198620137,22616.643016691654,27891.64341393193
2025-10-06 02:15:00+00:00,25254.143215311793,2025-10-06,2,Monday,2638.239107533407,22615.904107778384,27892.382322845202
2025-10-06 02:30:00+00:00,25320.203993864572,2025-10-06,2,Monday,2638.9773936828283,22681.226600181744,27959.1813875474
2025-10-06 02:45:00+00:00,25320.203993864572,2025-10-06,2,Monday,2639.715058640376,22680.488935224195,27959.91905250495
2025-10-06 03:00:00+00:00,27479.478434284065,2025-10-06,3,Monday,2640.4521039714236,24839.02633031264,30119.93053825549
2025-10-06 03:15:00+00:00,27522.109034284458,2025-10-06,3,Monday,2641.1885312347817,24880.920503049678,30163.29756551924
2025-10-06 03:30:00+00:00,27825.314622957445,2025-10-06,3,Monday,2641.9243419827353,25183.39028097471,30467.23896494018
2025-10-06 03:45:00+00:00,27905.30313122118,2025-10-06,3,Monday,2642.659537761083,25262.643593460096,30547.96266898226
2025-10-06 04:00:00+00:00,35086.37895958638,2025-10-06,4,Monday,2643.3941201091743,32442.984839477205,37729.77307969555
2025-10-06 04:15:00+00:00,35303.65053800424,2025-10-06,4,Monday,2644.1280905599474,32659.522447444295,37947.77862856419
2025-10-06 04:30:00+00:00,35352.66045254141,2025-10-06,4,Monday,2644.8614506399663,32707.79900190144,37997.521903181376
2025-10-06 04:45:00+00:00,35605.598336701805,2025-10-06,4,Monday,2645.594201869459,32960.00413483234,38251.19253857127
2025-10-06 05:00:00+00:00,48137.394299058644,2025-10-06,5,Monday,2646.326345762352,45491.06795329629,50783.720644821
2025-10-06 05:15:00+00:00,48137.394299058644,2025-10-06,5,Monday,2647.0578838263086,45490.336415232334,50784.452182884954
2025-10-06 05:30:00+00:00,48137.394299058644,2025-10-06,5,Monday,2647.7888175627663,45489.60548149588,50785.18311662141
2025-10-06 05:45:00+00:00,48137.394299058644,2025-10-06,5,Monday,2648.5191484669685,45488.87515059167,50785.913447525614
2025-10-06 06:00:00+00:00,50817.98371943395,2025-10-06,6,Monday,2649.2488780280037,48168.734841405945,53467.23259746195
2025-10-06 06:15:00+00:00,50817.98371943395,2025-10-06,6,Monday,2649.9780077288415,48168.005711705104,53467.961727162794
2025-10-06 06:30:00+00:00,50817.98371943395,2025-10-06,6,Monday,2650.7065390463636,48167.27718038759,53468.69025848031
2025-10-06 06:45:00+00:00,50817.98371943395,2025-10-06,6,Monday,2651.4344734514034,48166.54924598255,53469.41819288535
2025-10-06 07:00:00+00:00,51093.77014904921,2025-10-06,7,Monday,2652.161812408779,48441.608336640435,53745.93196145799
2025-10-06 07:15:00+00:00,51093.77014904921,2025-10-06,7,Monday,2652.888557377325,48440.88159167189,53746.65870642653
2025-10-06 07:30:00+00:00,51093.77014904921,2025-10-06,7,Monday,2653.614709809931,48440.15543923928,53747.38485885914
2025-10-06 07:45:00+00:00,51093.77014904921,2025-10-06,7,Monday,2654.3402711535714,48439.429877895636,53748.110420202785
2025-10-06 08:00:00+00:00,49968.470945047,2025-10-06,8,Monday,2655.0652428493427,47313.40570219766,52623.536187896345
2025-10-06 08:15:00+00:00,50375.98618072876,2025-10-06,8,Monday,2655.7896263324933,47720.196554396265,53031.775807061254
2025-10-06 08:30:00+00:00,50375.98618072876,2025-10-06,8,Monday,2656.5134230324616,47719.4727576963,53032.49960376122
2025-10-06 08:45:00+00:00,50375.98618072876,2025-10-06,8,Monday,2657.236634372903,47718.74954635586,53033.22281510166
2025-10-06 09:00:00+00:00,50454.94165289468,2025-10-06,9,Monday,2657.959261771726,47796.982391122954,53112.90091466641
2025-10-06 09:15:00+00:00,50454.94165289468,2025-10-06,9,Monday,2658.6813066411237,47796.260346253555,53113.62295953581
2025-10-06 09:30:00+00:00,50901.18954797764,2025-10-06,9,Monday,2659.4027703876086,48241.78677759004,53560.59231836525
2025-10-06 09:45:00+00:00,51928.95403871006,2025-10-06,9,Monday,2660.1236544120393,49268.83038429802,54589.0776931221
2025-10-06 10:00:00+00:00,50386.95194011024,2025-10-06,10,Monday,2660.843960109657,47726.10798000058,53047.79590021989
2025-10-06 10:15:00+00:00,50181.25610519002,2025-10-06,10,Monday,2661.5636888701147,47519.69241631991,52842.81979406013
2025-10-06 10:30:00+00:00,50181.25610519002,2025-10-06,10,Monday,2662.2828420775086,47518.97326311251,52843.53894726753
2025-10-06 10:45:00+00:00,49707.90063119099,2025-10-06,10,Monday,2663.0014211104103,47044.89921008058,52370.902052301404
2025-10-06 11:00:00+00:00,48602.95066912627,2025-10-06,11,Monday,2663.7194273418972,45939.23124178438,51266.670096468166
2025-10-06 11:15:00+00:00,47435.23004073968,2025-10-06,11,Monday,2664.4368621395815,44770.7931786001,50099.66690287927
2025-10-06 11:30:00+00:00,47435.23004073968,2025-10-06,11,Monday,2665.1537268656434,44770.07631387404,50100.38376760533
2025-10-06 11:45:00+00:00,47435.23004073968,2025-10-06,11,Monday,2665.870022876857,44769.360017862826,50101.10006361654
2025-10-06 12:00:00+00:00,45824.01898523141,2025-10-06,12,Monday,2666.5857515246275,43157.43323370678,48490.60473675603
2025-10-06 12:15:00+00:00,45824.01898523141,2025-10-06,12,Monday,2667.3009141550124,43156.71807107639,48491.31989938642
2025-10-06 12:30:00+00:00,45824.01898523141,2025-10-06,12,Monday,2668.015512108757,43156.00347312265,48492.034497340166
2025-10-06 12:45:00+00:00,45824.01898523141,2025-10-06,12,Monday,2668.7295467213216,43155.28943851009,48492.748531952726
2025-10-06 13:00:00+00:00,44773.87392129946,2025-10-06,13,Monday,2669.443019322911,42104.43090197655,47443.316940622375
2025-10-06 13:15:00+00:00,44773.87392129946,2025-10-06,13,Monday,2670.1559312385016,42103.71799006096,47444.02985253796
2025-10-06 13:30:00+00:00,44773.87392129946,2025-10-06,13,Monday,2670.8682837878746,42103.00563751159,47444.742205087336
2025-10-06 13:45:00+00:00,44773.87392129946,2025-10-06,13,Monday,2671.58007828564,42102.293843013824,47445.4539995851
2025-10-06 14:00:00+00:00,44681.666102534335,2025-10-06,14,Monday,2672.291316041267,42009.37478649307,47353.9574185756
2025-10-06 14:15:00+00:00,44681.666102534335,2025-10-06,14,Monday,2673.00199835911,42008.66410417522,47354.66810089345
2025-10-06 14:30:00+00:00,44681.666102534335,2025-10-06,14,Monday,2673.7121265384417,42007.95397599589,47355.378229072776
2025-10-06 14:45:00+00:00,44681.666102534335,2025-10-06,14,Monday,2674.4217018734735,42007.244400660864,47356.087804407805
2025-10-06 15:00:00+00:00,44681.666102534335,2025-10-06,15,Monday,2675.130725653389,42006.535376880944,47356.796828187726
2025-10-06 15:15:00+00:00,44681.666102534335,2025-10-06,15,Monday,2675.8391991623703,42005.82690337196,47357.50530169671
2025-10-06 15:30:00+00:00,44681.666102534335,2025-10-06,15,Monday,2676.5471236796207,42005.11897885471,47358.21322621396
2025-10-06 15:45:00+00:00,44681.666102534335,2025-10-06,15,Monday,2677.254500479396,42004.41160205494,47358.92060301373
2025-10-06 16:00:00+00:00,47851.286863102076,2025-10-06,16,Monday,2677.961330831033,45173.32553227104,50529.24819393311
2025-10-06 16:15:00+00:00,47851.286863102076,2025-10-06,16,Monday,2678.6676159989697,45172.6192471031,50529.95447910105
2025-10-06 16:30:00+00:00,47851.286863102076,2025-10-06,16,Monday,2679.3733572427764,45171.9135058593,50530.66022034485
2025-10-06 16:45:00+00:00,47851.286863102076,2025-10-06,16,Monday,2680.0785558171824,45171.20830728489,50531.36541891926
2025-10-06 17:00:00+00:00,46209.88556169478,2025-10-06,17,Monday,2680.7832129720973,43529.10234872268,48890.668774666876
2025-10-06 17:15:00+00:00,46209.88556169478,2025-10-06,17,Monday,2681.4873299526416,43528.39823174213,48891.37289164742
2025-10-06 17:30:00+00:00,46209.88556169478,2025-10-06,17,Monday,2682.1909079991724,43527.6946536956,48892.07646969395
2025-10-06 17:45:00+00:00,46209.88556169478,2025-10-06,17,Monday,2682.8939483473046,43526.99161334747,48892.779510042084
2025-10-06 18:00:00+00:00,39798.211110159515,2025-10-06,18,Monday,2683.5964522279387,37114.614657931575,42481.807562387454
2025-10-06 18:15:00+00:00,39798.211110159515,2025-10-06,18,Monday,2684.298420867288,37113.91268929223,42482.5095310268
2025-10-06 18:30:00+00:00,39798.211110159515,2025-10-06,18,Monday,2684.9998554869003,37113.21125467261,42483.210965646416
2025-10-06 18:45:00+00:00,39798.211110159515,2025-10-06,18,Monday,2685.7007573036844,37112.51035285583,42483.9118674632
2025-10-06 19:00:00+00:00,36877.88875069451,2025-10-06,19,Monday,2686.4011275299345,34191.487623164576,39564.289878224445
2025-10-06 19:15:00+00:00,36877.88875069451,2025-10-06,19,Monday,2687.1009673733543,34190.78778332115,39564.98971806787
2025-10-06 19:30:00+00:00,36877.88875069451,2025-10-06,19,Monday,2687.8002780370807,34190.08847265743,39565.68902873159
2025-10-06 19:45:00+00:00,36877.88875069451,2025-10-06,19,Monday,2688.499060719711,34189.3896899748,39566.38781141422
2025-10-06 20:00:00+00:00,33013.47479475817,2025-10-06,20,Monday,2689.197316615322,30324.27747814285,35702.6721113735
2025-10-06 20:15:00+00:00,33013.47479475817,2025-10-06,20,Monday,2689.895046913498,30323.579747844673,35703.369841671665
2025-10-06 20:30:00+00:00,33013.47479475817,2025-10-06,20,Monday,2690.5922527993525,30322.882541958817,35704.067047557524
2025-10-06 20:45:00+00:00,33013.47479475817,2025-10-06,20,Monday,2691.288935453552,30322.18585930462,35704.76373021172
2025-10-06 21:00:00+00:00,29903.59160735708,2025-10-06,21,Monday,2691.9850960523386,27211.60651130474,32595.57670340942
2025-10-06 21:15:00+00:00,29944.029725801167,2025-10-06,21,Monday,2692.6807357675557,27251.34899003361,32636.710461568724
2025-10-06 21:30:00+00:00,29909.51051162304,2025-10-06,21,Monday,2693.375855766668,27216.134655856375,32602.886367389707
2025-10-06 21:45:00+00:00,29944.029725801167,2025-10-06,21,Monday,2694.0704572127856,27249.95926858838,32638.100183013954
2025-10-06 22:00:00+00:00,28371.29138180521,2025-10-06,22,Monday,2694.7645412646866,25676.526840540526,31066.055923069896
