datetime,predicted_consumption,day,hour,weekday
2025-09-29 22:00:00+00:00,35012.97115882253,2025-09-29,22,Monday
2025-09-29 22:15:00+00:00,35012.97115882253,2025-09-29,22,Monday
2025-09-29 22:30:00+00:00,35012.971158822525,2025-09-29,22,Monday
2025-09-29 22:45:00+00:00,35012.97115882253,2025-09-29,22,Monday
2025-09-29 23:00:00+00:00,34265.56310181988,2025-09-29,23,Monday
2025-09-29 23:15:00+00:00,34265.56310181988,2025-09-29,23,Monday
2025-09-29 23:30:00+00:00,34265.563101819884,2025-09-29,23,Monday
2025-09-29 23:45:00+00:00,34265.56310181989,2025-09-29,23,Monday
2025-09-30 00:00:00+00:00,36033.741245740835,2025-09-30,0,Tuesday
2025-09-30 00:15:00+00:00,36033.741245740835,2025-09-30,0,Tuesday
2025-09-30 00:30:00+00:00,36033.74124574085,2025-09-30,0,Tuesday
2025-09-30 00:45:00+00:00,36033.74124574085,2025-09-30,0,Tuesday
2025-09-30 01:00:00+00:00,36085.70821908558,2025-09-30,1,Tuesday
2025-09-30 01:15:00+00:00,36085.70821908559,2025-09-30,1,Tuesday
2025-09-30 01:30:00+00:00,36085.70821908558,2025-09-30,1,Tuesday
2025-09-30 01:45:00+00:00,36085.70821908558,2025-09-30,1,Tuesday
2025-09-30 02:00:00+00:00,36048.808629228595,2025-09-30,2,Tuesday
2025-09-30 02:15:00+00:00,36048.8086292286,2025-09-30,2,Tuesday
2025-09-30 02:30:00+00:00,36048.8086292286,2025-09-30,2,Tuesday
2025-09-30 02:45:00+00:00,36048.8086292286,2025-09-30,2,Tuesday
2025-09-30 03:00:00+00:00,36212.85959821193,2025-09-30,3,Tuesday
2025-09-30 03:15:00+00:00,36212.85959821194,2025-09-30,3,Tuesday
2025-09-30 03:30:00+00:00,36212.85959821192,2025-09-30,3,Tuesday
2025-09-30 03:45:00+00:00,36212.85959821194,2025-09-30,3,Tuesday
2025-09-30 04:00:00+00:00,37789.239030497636,2025-09-30,4,Tuesday
2025-09-30 04:15:00+00:00,37789.23903049765,2025-09-30,4,Tuesday
2025-09-30 04:30:00+00:00,37789.239030497636,2025-09-30,4,Tuesday
2025-09-30 04:45:00+00:00,37789.23903049764,2025-09-30,4,Tuesday
2025-09-30 05:00:00+00:00,42540.86515834269,2025-09-30,5,Tuesday
2025-09-30 05:15:00+00:00,42540.86515834268,2025-09-30,5,Tuesday
2025-09-30 05:30:00+00:00,42540.86515834268,2025-09-30,5,Tuesday
2025-09-30 05:45:00+00:00,42540.86515834268,2025-09-30,5,Tuesday
2025-09-30 06:00:00+00:00,42823.06578724385,2025-09-30,6,Tuesday
2025-09-30 06:15:00+00:00,42823.06578724386,2025-09-30,6,Tuesday
2025-09-30 06:30:00+00:00,42823.06578724385,2025-09-30,6,Tuesday
2025-09-30 06:45:00+00:00,42823.06578724386,2025-09-30,6,Tuesday
2025-09-30 07:00:00+00:00,42569.5907131645,2025-09-30,7,Tuesday
2025-09-30 07:15:00+00:00,42569.5907131645,2025-09-30,7,Tuesday
2025-09-30 07:30:00+00:00,42569.59071316451,2025-09-30,7,Tuesday
2025-09-30 07:45:00+00:00,42569.5907131645,2025-09-30,7,Tuesday
2025-09-30 08:00:00+00:00,41143.02154909195,2025-09-30,8,Tuesday
2025-09-30 08:15:00+00:00,41143.02154909195,2025-09-30,8,Tuesday
2025-09-30 08:30:00+00:00,41143.02154909195,2025-09-30,8,Tuesday
2025-09-30 08:45:00+00:00,41143.02154909196,2025-09-30,8,Tuesday
2025-09-30 09:00:00+00:00,40687.96858872134,2025-09-30,9,Tuesday
2025-09-30 09:15:00+00:00,40687.968588721335,2025-09-30,9,Tuesday
2025-09-30 09:30:00+00:00,40687.968588721335,2025-09-30,9,Tuesday
2025-09-30 09:45:00+00:00,40687.96858872134,2025-09-30,9,Tuesday
2025-09-30 10:00:00+00:00,40236.637944562455,2025-09-30,10,Tuesday
2025-09-30 10:15:00+00:00,40236.63794456245,2025-09-30,10,Tuesday
2025-09-30 10:30:00+00:00,40236.637944562455,2025-09-30,10,Tuesday
2025-09-30 10:45:00+00:00,40236.637944562455,2025-09-30,10,Tuesday
2025-09-30 11:00:00+00:00,40203.552381869,2025-09-30,11,Tuesday
2025-09-30 11:15:00+00:00,40203.55238186901,2025-09-30,11,Tuesday
2025-09-30 11:30:00+00:00,40203.552381869005,2025-09-30,11,Tuesday
2025-09-30 11:45:00+00:00,40203.552381869,2025-09-30,11,Tuesday
2025-09-30 12:00:00+00:00,40082.8162403793,2025-09-30,12,Tuesday
2025-09-30 12:15:00+00:00,40082.8162403793,2025-09-30,12,Tuesday
2025-09-30 12:30:00+00:00,40082.8162403793,2025-09-30,12,Tuesday
2025-09-30 12:45:00+00:00,40082.816240379296,2025-09-30,12,Tuesday
2025-09-30 13:00:00+00:00,38974.50223182471,2025-09-30,13,Tuesday
2025-09-30 13:15:00+00:00,38974.50223182471,2025-09-30,13,Tuesday
2025-09-30 13:30:00+00:00,38974.50223182471,2025-09-30,13,Tuesday
2025-09-30 13:45:00+00:00,38974.502231824714,2025-09-30,13,Tuesday
2025-09-30 14:00:00+00:00,38918.95401820729,2025-09-30,14,Tuesday
2025-09-30 14:15:00+00:00,38918.95401820729,2025-09-30,14,Tuesday
2025-09-30 14:30:00+00:00,38918.95401820729,2025-09-30,14,Tuesday
2025-09-30 14:45:00+00:00,38918.95401820728,2025-09-30,14,Tuesday
2025-09-30 15:00:00+00:00,38918.95401820728,2025-09-30,15,Tuesday
2025-09-30 15:15:00+00:00,38918.95401820728,2025-09-30,15,Tuesday
2025-09-30 15:30:00+00:00,38918.95401820729,2025-09-30,15,Tuesday
2025-09-30 15:45:00+00:00,38918.95401820729,2025-09-30,15,Tuesday
2025-09-30 16:00:00+00:00,38931.492938090305,2025-09-30,16,Tuesday
2025-09-30 16:15:00+00:00,38931.492938090305,2025-09-30,16,Tuesday
2025-09-30 16:30:00+00:00,38931.492938090305,2025-09-30,16,Tuesday
2025-09-30 16:45:00+00:00,38931.49293809032,2025-09-30,16,Tuesday
2025-09-30 17:00:00+00:00,38323.7654655895,2025-09-30,17,Tuesday
2025-09-30 17:15:00+00:00,38323.7654655895,2025-09-30,17,Tuesday
2025-09-30 17:30:00+00:00,38323.765465589495,2025-09-30,17,Tuesday
2025-09-30 17:45:00+00:00,38323.7654655895,2025-09-30,17,Tuesday
2025-09-30 18:00:00+00:00,37273.90627029429,2025-09-30,18,Tuesday
2025-09-30 18:15:00+00:00,37273.90627029429,2025-09-30,18,Tuesday
2025-09-30 18:30:00+00:00,37273.90627029429,2025-09-30,18,Tuesday
2025-09-30 18:45:00+00:00,37273.90627029429,2025-09-30,18,Tuesday
2025-09-30 19:00:00+00:00,36186.616159122146,2025-09-30,19,Tuesday
2025-09-30 19:15:00+00:00,36186.61615912216,2025-09-30,19,Tuesday
2025-09-30 19:30:00+00:00,36186.61615912215,2025-09-30,19,Tuesday
2025-09-30 19:45:00+00:00,36186.61615912215,2025-09-30,19,Tuesday
2025-09-30 20:00:00+00:00,35176.81099804781,2025-09-30,20,Tuesday
2025-09-30 20:15:00+00:00,35176.81099804781,2025-09-30,20,Tuesday
2025-09-30 20:30:00+00:00,35176.81099804781,2025-09-30,20,Tuesday
2025-09-30 20:45:00+00:00,35176.81099804781,2025-09-30,20,Tuesday
2025-09-30 21:00:00+00:00,35108.89786748825,2025-09-30,21,Tuesday
2025-09-30 21:15:00+00:00,35108.89786748825,2025-09-30,21,Tuesday
2025-09-30 21:30:00+00:00,35108.89786748825,2025-09-30,21,Tuesday
2025-09-30 21:45:00+00:00,35108.89786748824,2025-09-30,21,Tuesday
2025-09-30 22:00:00+00:00,35012.97115882254,2025-09-30,22,Tuesday
2025-09-30 22:15:00+00:00,35012.97115882253,2025-09-30,22,Tuesday
2025-09-30 22:30:00+00:00,35012.97115882253,2025-09-30,22,Tuesday
2025-09-30 22:45:00+00:00,35012.971158822525,2025-09-30,22,Tuesday
2025-09-30 23:00:00+00:00,34265.56310181989,2025-09-30,23,Tuesday
2025-09-30 23:15:00+00:00,34265.563101819884,2025-09-30,23,Tuesday
2025-09-30 23:30:00+00:00,34265.56310181989,2025-09-30,23,Tuesday
2025-09-30 23:45:00+00:00,34265.56310181988,2025-09-30,23,Tuesday
2025-10-01 00:00:00+00:00,35990.12252221766,2025-10-01,0,Wednesday
2025-10-01 00:15:00+00:00,35990.122522217665,2025-10-01,0,Wednesday
2025-10-01 00:30:00+00:00,35990.122522217665,2025-10-01,0,Wednesday
2025-10-01 00:45:00+00:00,35990.122522217665,2025-10-01,0,Wednesday
2025-10-01 01:00:00+00:00,36033.180057369376,2025-10-01,1,Wednesday
2025-10-01 01:15:00+00:00,36033.180057369376,2025-10-01,1,Wednesday
2025-10-01 01:30:00+00:00,36033.180057369376,2025-10-01,1,Wednesday
2025-10-01 01:45:00+00:00,36033.180057369376,2025-10-01,1,Wednesday
2025-10-01 02:00:00+00:00,35996.28046751239,2025-10-01,2,Wednesday
2025-10-01 02:15:00+00:00,35996.28046751239,2025-10-01,2,Wednesday
2025-10-01 02:30:00+00:00,35996.28046751239,2025-10-01,2,Wednesday
2025-10-01 02:45:00+00:00,35996.28046751239,2025-10-01,2,Wednesday
2025-10-01 03:00:00+00:00,36160.33143649573,2025-10-01,3,Wednesday
2025-10-01 03:15:00+00:00,36160.33143649573,2025-10-01,3,Wednesday
2025-10-01 03:30:00+00:00,36160.33143649573,2025-10-01,3,Wednesday
2025-10-01 03:45:00+00:00,36160.33143649573,2025-10-01,3,Wednesday
2025-10-01 04:00:00+00:00,37683.72887203987,2025-10-01,4,Wednesday
2025-10-01 04:15:00+00:00,37683.72887203988,2025-10-01,4,Wednesday
2025-10-01 04:30:00+00:00,37683.72887203987,2025-10-01,4,Wednesday
2025-10-01 04:45:00+00:00,37683.72887203987,2025-10-01,4,Wednesday
2025-10-01 05:00:00+00:00,42509.297022017316,2025-10-01,5,Wednesday
2025-10-01 05:15:00+00:00,42509.29702201731,2025-10-01,5,Wednesday
2025-10-01 05:30:00+00:00,42509.29702201731,2025-10-01,5,Wednesday
2025-10-01 05:45:00+00:00,42509.29702201731,2025-10-01,5,Wednesday
2025-10-01 06:00:00+00:00,42799.769368324494,2025-10-01,6,Wednesday
2025-10-01 06:15:00+00:00,42799.769368324494,2025-10-01,6,Wednesday
2025-10-01 06:30:00+00:00,42799.769368324494,2025-10-01,6,Wednesday
2025-10-01 06:45:00+00:00,42799.769368324494,2025-10-01,6,Wednesday
2025-10-01 07:00:00+00:00,42524.002488648686,2025-10-01,7,Wednesday
2025-10-01 07:15:00+00:00,42524.00248864871,2025-10-01,7,Wednesday
2025-10-01 07:30:00+00:00,42524.00248864869,2025-10-01,7,Wednesday
2025-10-01 07:45:00+00:00,42524.00248864869,2025-10-01,7,Wednesday
2025-10-01 08:00:00+00:00,41059.11847408655,2025-10-01,8,Wednesday
2025-10-01 08:15:00+00:00,41059.11847408655,2025-10-01,8,Wednesday
2025-10-01 08:30:00+00:00,41059.11847408655,2025-10-01,8,Wednesday
2025-10-01 08:45:00+00:00,41059.11847408655,2025-10-01,8,Wednesday
2025-10-01 09:00:00+00:00,40611.62660753142,2025-10-01,9,Wednesday
2025-10-01 09:15:00+00:00,40611.62660753141,2025-10-01,9,Wednesday
2025-10-01 09:30:00+00:00,40611.62660753142,2025-10-01,9,Wednesday
2025-10-01 09:45:00+00:00,40611.62660753142,2025-10-01,9,Wednesday
2025-10-01 10:00:00+00:00,40202.52330749897,2025-10-01,10,Wednesday
2025-10-01 10:15:00+00:00,40202.52330749897,2025-10-01,10,Wednesday
2025-10-01 10:30:00+00:00,40202.52330749896,2025-10-01,10,Wednesday
2025-10-01 10:45:00+00:00,40202.52330749897,2025-10-01,10,Wednesday
2025-10-01 11:00:00+00:00,40169.4377448055,2025-10-01,11,Wednesday
2025-10-01 11:15:00+00:00,40169.43774480551,2025-10-01,11,Wednesday
2025-10-01 11:30:00+00:00,40169.43774480552,2025-10-01,11,Wednesday
2025-10-01 11:45:00+00:00,40169.43774480551,2025-10-01,11,Wednesday
2025-10-01 12:00:00+00:00,40047.23182483067,2025-10-01,12,Wednesday
2025-10-01 12:15:00+00:00,40047.23182483067,2025-10-01,12,Wednesday
2025-10-01 12:30:00+00:00,40047.23182483067,2025-10-01,12,Wednesday
2025-10-01 12:45:00+00:00,40047.23182483066,2025-10-01,12,Wednesday
2025-10-01 13:00:00+00:00,38973.03245333957,2025-10-01,13,Wednesday
2025-10-01 13:15:00+00:00,38973.03245333957,2025-10-01,13,Wednesday
2025-10-01 13:30:00+00:00,38973.03245333957,2025-10-01,13,Wednesday
2025-10-01 13:45:00+00:00,38973.03245333957,2025-10-01,13,Wednesday
2025-10-01 14:00:00+00:00,38917.484239722144,2025-10-01,14,Wednesday
2025-10-01 14:15:00+00:00,38917.484239722144,2025-10-01,14,Wednesday
2025-10-01 14:30:00+00:00,38917.484239722144,2025-10-01,14,Wednesday
2025-10-01 14:45:00+00:00,38917.484239722144,2025-10-01,14,Wednesday
2025-10-01 15:00:00+00:00,38917.484239722144,2025-10-01,15,Wednesday
2025-10-01 15:15:00+00:00,38917.484239722144,2025-10-01,15,Wednesday
2025-10-01 15:30:00+00:00,38917.484239722144,2025-10-01,15,Wednesday
2025-10-01 15:45:00+00:00,38917.484239722144,2025-10-01,15,Wednesday
2025-10-01 16:00:00+00:00,38930.023159605174,2025-10-01,16,Wednesday
2025-10-01 16:15:00+00:00,38930.023159605174,2025-10-01,16,Wednesday
2025-10-01 16:30:00+00:00,38930.023159605174,2025-10-01,16,Wednesday
2025-10-01 16:45:00+00:00,38930.02315960516,2025-10-01,16,Wednesday
2025-10-01 17:00:00+00:00,38322.295687104364,2025-10-01,17,Wednesday
2025-10-01 17:15:00+00:00,38322.295687104364,2025-10-01,17,Wednesday
2025-10-01 17:30:00+00:00,38322.295687104364,2025-10-01,17,Wednesday
2025-10-01 17:45:00+00:00,38322.295687104364,2025-10-01,17,Wednesday
2025-10-01 18:00:00+00:00,37245.0983169088,2025-10-01,18,Wednesday
2025-10-01 18:15:00+00:00,37245.0983169088,2025-10-01,18,Wednesday
2025-10-01 18:30:00+00:00,37245.0983169088,2025-10-01,18,Wednesday
2025-10-01 18:45:00+00:00,37245.09831690881,2025-10-01,18,Wednesday
2025-10-01 19:00:00+00:00,36179.11249193131,2025-10-01,19,Wednesday
2025-10-01 19:15:00+00:00,36179.1124919313,2025-10-01,19,Wednesday
2025-10-01 19:30:00+00:00,36179.1124919313,2025-10-01,19,Wednesday
2025-10-01 19:45:00+00:00,36179.1124919313,2025-10-01,19,Wednesday
2025-10-01 20:00:00+00:00,35180.54902060556,2025-10-01,20,Wednesday
2025-10-01 20:15:00+00:00,35180.54902060556,2025-10-01,20,Wednesday
2025-10-01 20:30:00+00:00,35180.54902060557,2025-10-01,20,Wednesday
2025-10-01 20:45:00+00:00,35180.54902060556,2025-10-01,20,Wednesday
2025-10-01 21:00:00+00:00,35114.77431461216,2025-10-01,21,Wednesday
2025-10-01 21:15:00+00:00,35114.774314612165,2025-10-01,21,Wednesday
2025-10-01 21:30:00+00:00,35114.77431461217,2025-10-01,21,Wednesday
2025-10-01 21:45:00+00:00,35114.77431461216,2025-10-01,21,Wednesday
2025-10-01 22:00:00+00:00,35005.129217156384,2025-10-01,22,Wednesday
2025-10-01 22:15:00+00:00,35005.1292171564,2025-10-01,22,Wednesday
2025-10-01 22:30:00+00:00,35005.12921715639,2025-10-01,22,Wednesday
2025-10-01 22:45:00+00:00,35005.1292171564,2025-10-01,22,Wednesday
2025-10-01 23:00:00+00:00,34265.56310181988,2025-10-01,23,Wednesday
2025-10-01 23:15:00+00:00,34265.563101819884,2025-10-01,23,Wednesday
2025-10-01 23:30:00+00:00,34265.563101819884,2025-10-01,23,Wednesday
2025-10-01 23:45:00+00:00,34265.563101819884,2025-10-01,23,Wednesday
2025-10-02 00:00:00+00:00,35968.71947672969,2025-10-02,0,Thursday
2025-10-02 00:15:00+00:00,35968.71947672969,2025-10-02,0,Thursday
2025-10-02 00:30:00+00:00,35968.7194767297,2025-10-02,0,Thursday
2025-10-02 00:45:00+00:00,35968.719476729704,2025-10-02,0,Thursday
2025-10-02 01:00:00+00:00,36008.606656585966,2025-10-02,1,Thursday
2025-10-02 01:15:00+00:00,36008.60665658595,2025-10-02,1,Thursday
2025-10-02 01:30:00+00:00,36008.60665658596,2025-10-02,1,Thursday
2025-10-02 01:45:00+00:00,36008.606656585944,2025-10-02,1,Thursday
2025-10-02 02:00:00+00:00,35971.70706672897,2025-10-02,2,Thursday
2025-10-02 02:15:00+00:00,35971.707066728966,2025-10-02,2,Thursday
2025-10-02 02:30:00+00:00,35971.70706672897,2025-10-02,2,Thursday
2025-10-02 02:45:00+00:00,35971.70706672897,2025-10-02,2,Thursday
2025-10-02 03:00:00+00:00,36138.928391007765,2025-10-02,3,Thursday
2025-10-02 03:15:00+00:00,36138.928391007765,2025-10-02,3,Thursday
2025-10-02 03:30:00+00:00,36138.928391007765,2025-10-02,3,Thursday
2025-10-02 03:45:00+00:00,36138.928391007765,2025-10-02,3,Thursday
2025-10-02 04:00:00+00:00,37661.45300064895,2025-10-02,4,Thursday
2025-10-02 04:15:00+00:00,37661.453000648966,2025-10-02,4,Thursday
2025-10-02 04:30:00+00:00,37661.45300064896,2025-10-02,4,Thursday
2025-10-02 04:45:00+00:00,37661.45300064896,2025-10-02,4,Thursday
2025-10-02 05:00:00+00:00,42487.02115062639,2025-10-02,5,Thursday
2025-10-02 05:15:00+00:00,42487.0211506264,2025-10-02,5,Thursday
2025-10-02 05:30:00+00:00,42487.0211506264,2025-10-02,5,Thursday
2025-10-02 05:45:00+00:00,42487.02115062639,2025-10-02,5,Thursday
2025-10-02 06:00:00+00:00,42777.493496933595,2025-10-02,6,Thursday
2025-10-02 06:15:00+00:00,42777.49349693358,2025-10-02,6,Thursday
2025-10-02 06:30:00+00:00,42777.49349693358,2025-10-02,6,Thursday
2025-10-02 06:45:00+00:00,42777.49349693359,2025-10-02,6,Thursday
2025-10-02 07:00:00+00:00,42518.22773125135,2025-10-02,7,Thursday
2025-10-02 07:15:00+00:00,42518.227731251325,2025-10-02,7,Thursday
2025-10-02 07:30:00+00:00,42518.22773125133,2025-10-02,7,Thursday
2025-10-02 07:45:00+00:00,42518.22773125133,2025-10-02,7,Thursday
2025-10-02 08:00:00+00:00,41074.4801819751,2025-10-02,8,Thursday
2025-10-02 08:15:00+00:00,41074.48018197511,2025-10-02,8,Thursday
2025-10-02 08:30:00+00:00,41074.480181975116,2025-10-02,8,Thursday
2025-10-02 08:45:00+00:00,41074.48018197511,2025-10-02,8,Thursday
2025-10-02 09:00:00+00:00,40631.99237122585,2025-10-02,9,Thursday
2025-10-02 09:15:00+00:00,40631.99237122586,2025-10-02,9,Thursday
2025-10-02 09:30:00+00:00,40631.99237122586,2025-10-02,9,Thursday
2025-10-02 09:45:00+00:00,40631.99237122585,2025-10-02,9,Thursday
2025-10-02 10:00:00+00:00,40222.88907119341,2025-10-02,10,Thursday
2025-10-02 10:15:00+00:00,40222.8890711934,2025-10-02,10,Thursday
2025-10-02 10:30:00+00:00,40222.88907119341,2025-10-02,10,Thursday
2025-10-02 10:45:00+00:00,40222.8890711934,2025-10-02,10,Thursday
2025-10-02 11:00:00+00:00,40189.80350849995,2025-10-02,11,Thursday
2025-10-02 11:15:00+00:00,40189.80350849996,2025-10-02,11,Thursday
2025-10-02 11:30:00+00:00,40189.80350849996,2025-10-02,11,Thursday
2025-10-02 11:45:00+00:00,40189.80350849996,2025-10-02,11,Thursday
2025-10-02 12:00:00+00:00,40067.597588525125,2025-10-02,12,Thursday
2025-10-02 12:15:00+00:00,40067.59758852512,2025-10-02,12,Thursday
2025-10-02 12:30:00+00:00,40067.59758852512,2025-10-02,12,Thursday
2025-10-02 12:45:00+00:00,40067.59758852511,2025-10-02,12,Thursday
2025-10-02 13:00:00+00:00,38999.920636806746,2025-10-02,13,Thursday
2025-10-02 13:15:00+00:00,38999.92063680673,2025-10-02,13,Thursday
2025-10-02 13:30:00+00:00,38999.920636806746,2025-10-02,13,Thursday
2025-10-02 13:45:00+00:00,38999.92063680674,2025-10-02,13,Thursday
2025-10-02 14:00:00+00:00,38944.372423189314,2025-10-02,14,Thursday
2025-10-02 14:15:00+00:00,38944.372423189314,2025-10-02,14,Thursday
2025-10-02 14:30:00+00:00,38944.372423189314,2025-10-02,14,Thursday
2025-10-02 14:45:00+00:00,38944.372423189314,2025-10-02,14,Thursday
2025-10-02 15:00:00+00:00,38944.37242318932,2025-10-02,15,Thursday
2025-10-02 15:15:00+00:00,38944.372423189314,2025-10-02,15,Thursday
2025-10-02 15:30:00+00:00,38944.372423189314,2025-10-02,15,Thursday
2025-10-02 15:45:00+00:00,38944.372423189314,2025-10-02,15,Thursday
2025-10-02 16:00:00+00:00,38956.911343072345,2025-10-02,16,Thursday
2025-10-02 16:15:00+00:00,38956.91134307234,2025-10-02,16,Thursday
2025-10-02 16:30:00+00:00,38956.91134307235,2025-10-02,16,Thursday
2025-10-02 16:45:00+00:00,38956.91134307234,2025-10-02,16,Thursday
2025-10-02 17:00:00+00:00,38356.0299462237,2025-10-02,17,Thursday
2025-10-02 17:15:00+00:00,38356.0299462237,2025-10-02,17,Thursday
2025-10-02 17:30:00+00:00,38356.02994622371,2025-10-02,17,Thursday
2025-10-02 17:45:00+00:00,38356.02994622371,2025-10-02,17,Thursday
2025-10-02 18:00:00+00:00,37271.98650037598,2025-10-02,18,Thursday
2025-10-02 18:15:00+00:00,37271.98650037598,2025-10-02,18,Thursday
2025-10-02 18:30:00+00:00,37271.98650037598,2025-10-02,18,Thursday
2025-10-02 18:45:00+00:00,37271.98650037598,2025-10-02,18,Thursday
2025-10-02 19:00:00+00:00,36185.63491170404,2025-10-02,19,Thursday
2025-10-02 19:15:00+00:00,36185.63491170403,2025-10-02,19,Thursday
2025-10-02 19:30:00+00:00,36185.63491170403,2025-10-02,19,Thursday
2025-10-02 19:45:00+00:00,36185.63491170404,2025-10-02,19,Thursday
2025-10-02 20:00:00+00:00,35205.51459343037,2025-10-02,20,Thursday
2025-10-02 20:15:00+00:00,35205.51459343037,2025-10-02,20,Thursday
2025-10-02 20:30:00+00:00,35205.51459343037,2025-10-02,20,Thursday
2025-10-02 20:45:00+00:00,35205.51459343037,2025-10-02,20,Thursday
2025-10-02 21:00:00+00:00,35139.739887436976,2025-10-02,21,Thursday
2025-10-02 21:15:00+00:00,35139.739887436976,2025-10-02,21,Thursday
2025-10-02 21:30:00+00:00,35139.739887436976,2025-10-02,21,Thursday
2025-10-02 21:45:00+00:00,35139.739887436976,2025-10-02,21,Thursday
2025-10-02 22:00:00+00:00,35039.13510956269,2025-10-02,22,Thursday
2025-10-02 22:15:00+00:00,35039.13510956269,2025-10-02,22,Thursday
2025-10-02 22:30:00+00:00,35039.13510956269,2025-10-02,22,Thursday
2025-10-02 22:45:00+00:00,35039.13510956269,2025-10-02,22,Thursday
2025-10-02 23:00:00+00:00,34292.835578897815,2025-10-02,23,Thursday
2025-10-02 23:15:00+00:00,34292.835578897815,2025-10-02,23,Thursday
2025-10-02 23:30:00+00:00,34292.835578897815,2025-10-02,23,Thursday
2025-10-02 23:45:00+00:00,34292.835578897815,2025-10-02,23,Thursday
2025-10-03 00:00:00+00:00,36045.77515361914,2025-10-03,0,Friday
2025-10-03 00:15:00+00:00,36045.77515361914,2025-10-03,0,Friday
2025-10-03 00:30:00+00:00,36045.775153619135,2025-10-03,0,Friday
2025-10-03 00:45:00+00:00,36045.77515361913,2025-10-03,0,Friday
2025-10-03 01:00:00+00:00,36085.662333475404,2025-10-03,1,Friday
2025-10-03 01:15:00+00:00,36085.662333475404,2025-10-03,1,Friday
2025-10-03 01:30:00+00:00,36085.662333475404,2025-10-03,1,Friday
2025-10-03 01:45:00+00:00,36085.662333475404,2025-10-03,1,Friday
2025-10-03 02:00:00+00:00,36044.996181260074,2025-10-03,2,Friday
2025-10-03 02:15:00+00:00,36044.99618126008,2025-10-03,2,Friday
2025-10-03 02:30:00+00:00,36044.99618126009,2025-10-03,2,Friday
2025-10-03 02:45:00+00:00,36044.99618126008,2025-10-03,2,Friday
2025-10-03 03:00:00+00:00,36212.217505538865,2025-10-03,3,Friday
2025-10-03 03:15:00+00:00,36212.21750553887,2025-10-03,3,Friday
2025-10-03 03:30:00+00:00,36212.21750553887,2025-10-03,3,Friday
2025-10-03 03:45:00+00:00,36212.21750553888,2025-10-03,3,Friday
2025-10-03 04:00:00+00:00,37731.79872566163,2025-10-03,4,Friday
2025-10-03 04:15:00+00:00,37731.79872566163,2025-10-03,4,Friday
2025-10-03 04:30:00+00:00,37731.798725661625,2025-10-03,4,Friday
2025-10-03 04:45:00+00:00,37731.798725661625,2025-10-03,4,Friday
2025-10-03 05:00:00+00:00,42476.44672066586,2025-10-03,5,Friday
2025-10-03 05:15:00+00:00,42476.44672066586,2025-10-03,5,Friday
2025-10-03 05:30:00+00:00,42476.44672066586,2025-10-03,5,Friday
2025-10-03 05:45:00+00:00,42476.44672066586,2025-10-03,5,Friday
2025-10-03 06:00:00+00:00,42717.06848670413,2025-10-03,6,Friday
2025-10-03 06:15:00+00:00,42717.06848670413,2025-10-03,6,Friday
2025-10-03 06:30:00+00:00,42717.06848670413,2025-10-03,6,Friday
2025-10-03 06:45:00+00:00,42717.068486704135,2025-10-03,6,Friday
2025-10-03 07:00:00+00:00,42457.802721021886,2025-10-03,7,Friday
2025-10-03 07:15:00+00:00,42457.80272102187,2025-10-03,7,Friday
2025-10-03 07:30:00+00:00,42457.802721021886,2025-10-03,7,Friday
2025-10-03 07:45:00+00:00,42457.80272102187,2025-10-03,7,Friday
2025-10-03 08:00:00+00:00,41014.055171745655,2025-10-03,8,Friday
2025-10-03 08:15:00+00:00,41014.05517174567,2025-10-03,8,Friday
2025-10-03 08:30:00+00:00,41014.055171745655,2025-10-03,8,Friday
2025-10-03 08:45:00+00:00,41014.05517174566,2025-10-03,8,Friday
2025-10-03 09:00:00+00:00,40571.56736099641,2025-10-03,9,Friday
2025-10-03 09:15:00+00:00,40571.567360996414,2025-10-03,9,Friday
2025-10-03 09:30:00+00:00,40571.56736099641,2025-10-03,9,Friday
2025-10-03 09:45:00+00:00,40571.56736099641,2025-10-03,9,Friday
2025-10-03 10:00:00+00:00,40169.763499055094,2025-10-03,10,Friday
2025-10-03 10:15:00+00:00,40169.76349905509,2025-10-03,10,Friday
2025-10-03 10:30:00+00:00,40169.76349905509,2025-10-03,10,Friday
2025-10-03 10:45:00+00:00,40169.763499055094,2025-10-03,10,Friday
2025-10-03 11:00:00+00:00,40136.677936361644,2025-10-03,11,Friday
2025-10-03 11:15:00+00:00,40136.677936361644,2025-10-03,11,Friday
2025-10-03 11:30:00+00:00,40136.67793636164,2025-10-03,11,Friday
2025-10-03 11:45:00+00:00,40136.677936361644,2025-10-03,11,Friday
2025-10-03 12:00:00+00:00,40014.472016386804,2025-10-03,12,Friday
2025-10-03 12:15:00+00:00,40014.4720163868,2025-10-03,12,Friday
2025-10-03 12:30:00+00:00,40014.4720163868,2025-10-03,12,Friday
2025-10-03 12:45:00+00:00,40014.4720163868,2025-10-03,12,Friday
2025-10-03 13:00:00+00:00,38937.23752689668,2025-10-03,13,Friday
2025-10-03 13:15:00+00:00,38937.237526896686,2025-10-03,13,Friday
2025-10-03 13:30:00+00:00,38937.237526896686,2025-10-03,13,Friday
2025-10-03 13:45:00+00:00,38937.237526896686,2025-10-03,13,Friday
2025-10-03 14:00:00+00:00,38881.689313279254,2025-10-03,14,Friday
2025-10-03 14:15:00+00:00,38881.68931327926,2025-10-03,14,Friday
2025-10-03 14:30:00+00:00,38881.68931327926,2025-10-03,14,Friday
2025-10-03 14:45:00+00:00,38881.68931327926,2025-10-03,14,Friday
2025-10-03 15:00:00+00:00,38881.68931327926,2025-10-03,15,Friday
2025-10-03 15:15:00+00:00,38881.689313279254,2025-10-03,15,Friday
2025-10-03 15:30:00+00:00,38881.68931327926,2025-10-03,15,Friday
2025-10-03 15:45:00+00:00,38881.68931327926,2025-10-03,15,Friday
2025-10-03 16:00:00+00:00,38894.228233162285,2025-10-03,16,Friday
2025-10-03 16:15:00+00:00,38894.228233162285,2025-10-03,16,Friday
2025-10-03 16:30:00+00:00,38894.228233162285,2025-10-03,16,Friday
2025-10-03 16:45:00+00:00,38894.22823316229,2025-10-03,16,Friday
2025-10-03 17:00:00+00:00,38298.620407954666,2025-10-03,17,Friday
2025-10-03 17:15:00+00:00,38298.620407954666,2025-10-03,17,Friday
2025-10-03 17:30:00+00:00,38298.62040795467,2025-10-03,17,Friday
2025-10-03 17:45:00+00:00,38298.62040795467,2025-10-03,17,Friday
2025-10-03 18:00:00+00:00,37267.30977066708,2025-10-03,18,Friday
2025-10-03 18:15:00+00:00,37267.30977066708,2025-10-03,18,Friday
2025-10-03 18:30:00+00:00,37267.30977066707,2025-10-03,18,Friday
2025-10-03 18:45:00+00:00,37267.309770667074,2025-10-03,18,Friday
2025-10-03 19:00:00+00:00,36259.982076835,2025-10-03,19,Friday
2025-10-03 19:15:00+00:00,36259.982076835004,2025-10-03,19,Friday
2025-10-03 19:30:00+00:00,36259.982076835,2025-10-03,19,Friday
2025-10-03 19:45:00+00:00,36259.982076835,2025-10-03,19,Friday
2025-10-03 20:00:00+00:00,35352.992429837475,2025-10-03,20,Friday
2025-10-03 20:15:00+00:00,35352.992429837475,2025-10-03,20,Friday
2025-10-03 20:30:00+00:00,35352.99242983748,2025-10-03,20,Friday
2025-10-03 20:45:00+00:00,35352.992429837475,2025-10-03,20,Friday
2025-10-03 21:00:00+00:00,35290.151678087146,2025-10-03,21,Friday
2025-10-03 21:15:00+00:00,35290.15167808716,2025-10-03,21,Friday
2025-10-03 21:30:00+00:00,35290.151678087146,2025-10-03,21,Friday
2025-10-03 21:45:00+00:00,35290.151678087146,2025-10-03,21,Friday
2025-10-03 22:00:00+00:00,35230.99373442939,2025-10-03,22,Friday
2025-10-03 22:15:00+00:00,35230.99373442939,2025-10-03,22,Friday
2025-10-03 22:30:00+00:00,35230.99373442939,2025-10-03,22,Friday
2025-10-03 22:45:00+00:00,35230.99373442939,2025-10-03,22,Friday
2025-10-03 23:00:00+00:00,34281.808789742085,2025-10-03,23,Friday
2025-10-03 23:15:00+00:00,34281.808789742085,2025-10-03,23,Friday
2025-10-03 23:30:00+00:00,34281.80878974209,2025-10-03,23,Friday
2025-10-03 23:45:00+00:00,34281.808789742085,2025-10-03,23,Friday
2025-10-04 00:00:00+00:00,34885.98206825118,2025-10-04,0,Saturday
2025-10-04 00:15:00+00:00,34885.98206825118,2025-10-04,0,Saturday
2025-10-04 00:30:00+00:00,34885.98206825118,2025-10-04,0,Saturday
2025-10-04 00:45:00+00:00,34885.98206825118,2025-10-04,0,Saturday
2025-10-04 01:00:00+00:00,34862.89410907801,2025-10-04,1,Saturday
2025-10-04 01:15:00+00:00,34862.89410907801,2025-10-04,1,Saturday
2025-10-04 01:30:00+00:00,34862.89410907801,2025-10-04,1,Saturday
2025-10-04 01:45:00+00:00,34862.894109078006,2025-10-04,1,Saturday
2025-10-04 02:00:00+00:00,34723.8352386706,2025-10-04,2,Saturday
2025-10-04 02:15:00+00:00,34723.8352386706,2025-10-04,2,Saturday
2025-10-04 02:30:00+00:00,34723.835238670596,2025-10-04,2,Saturday
2025-10-04 02:45:00+00:00,34723.835238670596,2025-10-04,2,Saturday
2025-10-04 03:00:00+00:00,34710.849671247735,2025-10-04,3,Saturday
2025-10-04 03:15:00+00:00,34710.84967124774,2025-10-04,3,Saturday
2025-10-04 03:30:00+00:00,34710.849671247735,2025-10-04,3,Saturday
2025-10-04 03:45:00+00:00,34710.849671247735,2025-10-04,3,Saturday
2025-10-04 04:00:00+00:00,35543.23029234407,2025-10-04,4,Saturday
2025-10-04 04:15:00+00:00,35543.23029234407,2025-10-04,4,Saturday
2025-10-04 04:30:00+00:00,35543.23029234407,2025-10-04,4,Saturday
2025-10-04 04:45:00+00:00,35543.23029234408,2025-10-04,4,Saturday
2025-10-04 05:00:00+00:00,39279.73296272621,2025-10-04,5,Saturday
2025-10-04 05:15:00+00:00,39279.73296272619,2025-10-04,5,Saturday
2025-10-04 05:30:00+00:00,39279.73296272621,2025-10-04,5,Saturday
2025-10-04 05:45:00+00:00,39279.73296272621,2025-10-04,5,Saturday
2025-10-04 06:00:00+00:00,39723.323306843435,2025-10-04,6,Saturday
2025-10-04 06:15:00+00:00,39723.32330684343,2025-10-04,6,Saturday
2025-10-04 06:30:00+00:00,39723.32330684343,2025-10-04,6,Saturday
2025-10-04 06:45:00+00:00,39723.323306843435,2025-10-04,6,Saturday
2025-10-04 07:00:00+00:00,39791.99403479853,2025-10-04,7,Saturday
2025-10-04 07:15:00+00:00,39791.99403479853,2025-10-04,7,Saturday
2025-10-04 07:30:00+00:00,39791.994034798525,2025-10-04,7,Saturday
2025-10-04 07:45:00+00:00,39791.99403479853,2025-10-04,7,Saturday
2025-10-04 08:00:00+00:00,39300.17768430188,2025-10-04,8,Saturday
2025-10-04 08:15:00+00:00,39300.17768430189,2025-10-04,8,Saturday
2025-10-04 08:30:00+00:00,39300.17768430188,2025-10-04,8,Saturday
2025-10-04 08:45:00+00:00,39300.17768430188,2025-10-04,8,Saturday
2025-10-04 09:00:00+00:00,39030.616808799954,2025-10-04,9,Saturday
2025-10-04 09:15:00+00:00,39030.61680879995,2025-10-04,9,Saturday
2025-10-04 09:30:00+00:00,39030.61680879994,2025-10-04,9,Saturday
2025-10-04 09:45:00+00:00,39030.61680879994,2025-10-04,9,Saturday
2025-10-04 10:00:00+00:00,38782.563811198335,2025-10-04,10,Saturday
2025-10-04 10:15:00+00:00,38782.56381119835,2025-10-04,10,Saturday
2025-10-04 10:30:00+00:00,38782.56381119835,2025-10-04,10,Saturday
2025-10-04 10:45:00+00:00,38782.563811198335,2025-10-04,10,Saturday
2025-10-04 11:00:00+00:00,38782.56381119834,2025-10-04,11,Saturday
2025-10-04 11:15:00+00:00,38782.563811198335,2025-10-04,11,Saturday
2025-10-04 11:30:00+00:00,38782.563811198335,2025-10-04,11,Saturday
2025-10-04 11:45:00+00:00,38782.56381119835,2025-10-04,11,Saturday
2025-10-04 12:00:00+00:00,38764.726340262845,2025-10-04,12,Saturday
2025-10-04 12:15:00+00:00,38764.726340262845,2025-10-04,12,Saturday
2025-10-04 12:30:00+00:00,38764.726340262845,2025-10-04,12,Saturday
2025-10-04 12:45:00+00:00,38764.726340262845,2025-10-04,12,Saturday
2025-10-04 13:00:00+00:00,38237.12372472519,2025-10-04,13,Saturday
2025-10-04 13:15:00+00:00,38237.12372472519,2025-10-04,13,Saturday
2025-10-04 13:30:00+00:00,38237.12372472519,2025-10-04,13,Saturday
2025-10-04 13:45:00+00:00,38237.12372472519,2025-10-04,13,Saturday
2025-10-04 14:00:00+00:00,38237.1237247252,2025-10-04,14,Saturday
2025-10-04 14:15:00+00:00,38237.12372472519,2025-10-04,14,Saturday
2025-10-04 14:30:00+00:00,38237.12372472519,2025-10-04,14,Saturday
2025-10-04 14:45:00+00:00,38237.1237247252,2025-10-04,14,Saturday
2025-10-04 15:00:00+00:00,38259.58448846806,2025-10-04,15,Saturday
2025-10-04 15:15:00+00:00,38259.584488468055,2025-10-04,15,Saturday
2025-10-04 15:30:00+00:00,38259.584488468055,2025-10-04,15,Saturday
2025-10-04 15:45:00+00:00,38259.584488468055,2025-10-04,15,Saturday
2025-10-04 16:00:00+00:00,38260.72913344299,2025-10-04,16,Saturday
2025-10-04 16:15:00+00:00,38260.729133443,2025-10-04,16,Saturday
2025-10-04 16:30:00+00:00,38260.72913344299,2025-10-04,16,Saturday
2025-10-04 16:45:00+00:00,38260.72913344299,2025-10-04,16,Saturday
2025-10-04 17:00:00+00:00,38093.82613695759,2025-10-04,17,Saturday
2025-10-04 17:15:00+00:00,38093.826136957585,2025-10-04,17,Saturday
2025-10-04 17:30:00+00:00,38093.82613695758,2025-10-04,17,Saturday
2025-10-04 17:45:00+00:00,38093.826136957585,2025-10-04,17,Saturday
2025-10-04 18:00:00+00:00,36863.38141415238,2025-10-04,18,Saturday
2025-10-04 18:15:00+00:00,36863.38141415239,2025-10-04,18,Saturday
2025-10-04 18:30:00+00:00,36863.38141415239,2025-10-04,18,Saturday
2025-10-04 18:45:00+00:00,36863.38141415239,2025-10-04,18,Saturday
2025-10-04 19:00:00+00:00,35656.61850061699,2025-10-04,19,Saturday
2025-10-04 19:15:00+00:00,35656.618500617,2025-10-04,19,Saturday
2025-10-04 19:30:00+00:00,35656.61850061698,2025-10-04,19,Saturday
2025-10-04 19:45:00+00:00,35656.61850061699,2025-10-04,19,Saturday
2025-10-04 20:00:00+00:00,35479.58918637069,2025-10-04,20,Saturday
2025-10-04 20:15:00+00:00,35479.58918637069,2025-10-04,20,Saturday
2025-10-04 20:30:00+00:00,35479.58918637069,2025-10-04,20,Saturday
2025-10-04 20:45:00+00:00,35479.58918637069,2025-10-04,20,Saturday
2025-10-04 21:00:00+00:00,35456.988871301175,2025-10-04,21,Saturday
2025-10-04 21:15:00+00:00,35456.98887130117,2025-10-04,21,Saturday
2025-10-04 21:30:00+00:00,35456.988871301175,2025-10-04,21,Saturday
2025-10-04 21:45:00+00:00,35456.98887130117,2025-10-04,21,Saturday
2025-10-04 22:00:00+00:00,35265.57035221059,2025-10-04,22,Saturday
2025-10-04 22:15:00+00:00,35265.57035221059,2025-10-04,22,Saturday
2025-10-04 22:30:00+00:00,35265.57035221058,2025-10-04,22,Saturday
2025-10-04 22:45:00+00:00,35265.57035221059,2025-10-04,22,Saturday
2025-10-04 23:00:00+00:00,34892.0553630828,2025-10-04,23,Saturday
2025-10-04 23:15:00+00:00,34892.0553630828,2025-10-04,23,Saturday
2025-10-04 23:30:00+00:00,34892.0553630828,2025-10-04,23,Saturday
2025-10-04 23:45:00+00:00,34892.0553630828,2025-10-04,23,Saturday
2025-10-05 00:00:00+00:00,34846.89990073084,2025-10-05,0,Sunday
2025-10-05 00:15:00+00:00,34846.89990073083,2025-10-05,0,Sunday
2025-10-05 00:30:00+00:00,34846.89990073083,2025-10-05,0,Sunday
2025-10-05 00:45:00+00:00,34846.89990073083,2025-10-05,0,Sunday
2025-10-05 01:00:00+00:00,34841.21923164601,2025-10-05,1,Sunday
2025-10-05 01:15:00+00:00,34841.21923164601,2025-10-05,1,Sunday
2025-10-05 01:30:00+00:00,34841.21923164601,2025-10-05,1,Sunday
2025-10-05 01:45:00+00:00,34841.21923164601,2025-10-05,1,Sunday
2025-10-05 02:00:00+00:00,34772.42566855926,2025-10-05,2,Sunday
2025-10-05 02:15:00+00:00,34772.42566855927,2025-10-05,2,Sunday
2025-10-05 02:30:00+00:00,34772.42566855926,2025-10-05,2,Sunday
2025-10-05 02:45:00+00:00,34772.42566855926,2025-10-05,2,Sunday
2025-10-05 03:00:00+00:00,34759.440101136395,2025-10-05,3,Sunday
2025-10-05 03:15:00+00:00,34759.44010113641,2025-10-05,3,Sunday
2025-10-05 03:30:00+00:00,34759.4401011364,2025-10-05,3,Sunday
2025-10-05 03:45:00+00:00,34759.4401011364,2025-10-05,3,Sunday
2025-10-05 04:00:00+00:00,35483.88855434155,2025-10-05,4,Sunday
2025-10-05 04:15:00+00:00,35483.88855434156,2025-10-05,4,Sunday
2025-10-05 04:30:00+00:00,35483.88855434155,2025-10-05,4,Sunday
2025-10-05 04:45:00+00:00,35483.88855434155,2025-10-05,4,Sunday
2025-10-05 05:00:00+00:00,38937.84675590743,2025-10-05,5,Sunday
2025-10-05 05:15:00+00:00,38937.84675590743,2025-10-05,5,Sunday
2025-10-05 05:30:00+00:00,38937.84675590742,2025-10-05,5,Sunday
2025-10-05 05:45:00+00:00,38937.84675590743,2025-10-05,5,Sunday
2025-10-05 06:00:00+00:00,39422.74444935346,2025-10-05,6,Sunday
2025-10-05 06:15:00+00:00,39422.74444935346,2025-10-05,6,Sunday
2025-10-05 06:30:00+00:00,39422.74444935345,2025-10-05,6,Sunday
2025-10-05 06:45:00+00:00,39422.74444935346,2025-10-05,6,Sunday
2025-10-05 07:00:00+00:00,39466.5057364274,2025-10-05,7,Sunday
2025-10-05 07:15:00+00:00,39466.5057364274,2025-10-05,7,Sunday
2025-10-05 07:30:00+00:00,39466.5057364274,2025-10-05,7,Sunday
2025-10-05 07:45:00+00:00,39466.5057364274,2025-10-05,7,Sunday
2025-10-05 08:00:00+00:00,39127.07054499199,2025-10-05,8,Sunday
2025-10-05 08:15:00+00:00,39127.07054499199,2025-10-05,8,Sunday
2025-10-05 08:30:00+00:00,39127.07054499199,2025-10-05,8,Sunday
2025-10-05 08:45:00+00:00,39127.07054499199,2025-10-05,8,Sunday
2025-10-05 09:00:00+00:00,38922.70623065737,2025-10-05,9,Sunday
2025-10-05 09:15:00+00:00,38922.70623065736,2025-10-05,9,Sunday
2025-10-05 09:30:00+00:00,38922.70623065736,2025-10-05,9,Sunday
2025-10-05 09:45:00+00:00,38922.706230657364,2025-10-05,9,Sunday
2025-10-05 10:00:00+00:00,38732.010625974646,2025-10-05,10,Sunday
2025-10-05 10:15:00+00:00,38732.010625974646,2025-10-05,10,Sunday
2025-10-05 10:30:00+00:00,38732.010625974646,2025-10-05,10,Sunday
2025-10-05 10:45:00+00:00,38732.010625974646,2025-10-05,10,Sunday
2025-10-05 11:00:00+00:00,38732.010625974646,2025-10-05,11,Sunday
2025-10-05 11:15:00+00:00,38732.01062597465,2025-10-05,11,Sunday
2025-10-05 11:30:00+00:00,38732.01062597465,2025-10-05,11,Sunday
2025-10-05 11:45:00+00:00,38732.010625974646,2025-10-05,11,Sunday
2025-10-05 12:00:00+00:00,38723.284112447014,2025-10-05,12,Sunday
2025-10-05 12:15:00+00:00,38723.284112447014,2025-10-05,12,Sunday
2025-10-05 12:30:00+00:00,38723.284112447014,2025-10-05,12,Sunday
2025-10-05 12:45:00+00:00,38723.284112447014,2025-10-05,12,Sunday
2025-10-05 13:00:00+00:00,38262.68949292251,2025-10-05,13,Sunday
2025-10-05 13:15:00+00:00,38262.68949292251,2025-10-05,13,Sunday
2025-10-05 13:30:00+00:00,38262.6894929225,2025-10-05,13,Sunday
2025-10-05 13:45:00+00:00,38262.6894929225,2025-10-05,13,Sunday
2025-10-05 14:00:00+00:00,38262.68949292251,2025-10-05,14,Sunday
2025-10-05 14:15:00+00:00,38262.68949292251,2025-10-05,14,Sunday
2025-10-05 14:30:00+00:00,38262.68949292251,2025-10-05,14,Sunday
2025-10-05 14:45:00+00:00,38262.68949292252,2025-10-05,14,Sunday
2025-10-05 15:00:00+00:00,38285.150256665365,2025-10-05,15,Sunday
2025-10-05 15:15:00+00:00,38285.150256665365,2025-10-05,15,Sunday
2025-10-05 15:30:00+00:00,38285.15025666537,2025-10-05,15,Sunday
2025-10-05 15:45:00+00:00,38285.150256665365,2025-10-05,15,Sunday
2025-10-05 16:00:00+00:00,38288.65367692258,2025-10-05,16,Sunday
2025-10-05 16:15:00+00:00,38288.653676922586,2025-10-05,16,Sunday
2025-10-05 16:30:00+00:00,38288.653676922586,2025-10-05,16,Sunday
2025-10-05 16:45:00+00:00,38288.653676922586,2025-10-05,16,Sunday
2025-10-05 17:00:00+00:00,38117.85106163718,2025-10-05,17,Sunday
2025-10-05 17:15:00+00:00,38117.851061637186,2025-10-05,17,Sunday
2025-10-05 17:30:00+00:00,38117.851061637186,2025-10-05,17,Sunday
2025-10-05 17:45:00+00:00,38117.851061637186,2025-10-05,17,Sunday
2025-10-05 18:00:00+00:00,36967.054343639786,2025-10-05,18,Sunday
2025-10-05 18:15:00+00:00,36967.054343639786,2025-10-05,18,Sunday
2025-10-05 18:30:00+00:00,36967.054343639786,2025-10-05,18,Sunday
2025-10-05 18:45:00+00:00,36967.054343639786,2025-10-05,18,Sunday
2025-10-05 19:00:00+00:00,35970.825691133025,2025-10-05,19,Sunday
2025-10-05 19:15:00+00:00,35970.82569113303,2025-10-05,19,Sunday
2025-10-05 19:30:00+00:00,35970.825691133025,2025-10-05,19,Sunday
2025-10-05 19:45:00+00:00,35970.82569113303,2025-10-05,19,Sunday
2025-10-05 20:00:00+00:00,35822.025258223555,2025-10-05,20,Sunday
2025-10-05 20:15:00+00:00,35822.025258223555,2025-10-05,20,Sunday
2025-10-05 20:30:00+00:00,35822.025258223555,2025-10-05,20,Sunday
2025-10-05 20:45:00+00:00,35822.025258223555,2025-10-05,20,Sunday
2025-10-05 21:00:00+00:00,35771.05674365727,2025-10-05,21,Sunday
2025-10-05 21:15:00+00:00,35771.05674365727,2025-10-05,21,Sunday
2025-10-05 21:30:00+00:00,35771.056743657275,2025-10-05,21,Sunday
2025-10-05 21:45:00+00:00,35771.05674365727,2025-10-05,21,Sunday
2025-10-05 22:00:00+00:00,35503.34138848924,2025-10-05,22,Sunday
2025-10-05 22:15:00+00:00,35503.34138848924,2025-10-05,22,Sunday
2025-10-05 22:30:00+00:00,35503.341388489236,2025-10-05,22,Sunday
2025-10-05 22:45:00+00:00,35503.34138848924,2025-10-05,22,Sunday
2025-10-05 23:00:00+00:00,35219.47254591358,2025-10-05,23,Sunday
2025-10-05 23:15:00+00:00,35219.47254591358,2025-10-05,23,Sunday
2025-10-05 23:30:00+00:00,35219.47254591358,2025-10-05,23,Sunday
2025-10-05 23:45:00+00:00,35219.47254591358,2025-10-05,23,Sunday
2025-10-06 00:00:00+00:00,35882.73693303313,2025-10-06,0,Monday
2025-10-06 00:15:00+00:00,35882.73693303313,2025-10-06,0,Monday
2025-10-06 00:30:00+00:00,35882.73693303313,2025-10-06,0,Monday
2025-10-06 00:45:00+00:00,35882.736933033135,2025-10-06,0,Monday
2025-10-06 01:00:00+00:00,35943.20774568895,2025-10-06,1,Monday
2025-10-06 01:15:00+00:00,35943.207745688946,2025-10-06,1,Monday
2025-10-06 01:30:00+00:00,35943.20774568895,2025-10-06,1,Monday
2025-10-06 01:45:00+00:00,35943.20774568896,2025-10-06,1,Monday
2025-10-06 02:00:00+00:00,35906.308155831975,2025-10-06,2,Monday
2025-10-06 02:15:00+00:00,35906.308155831975,2025-10-06,2,Monday
2025-10-06 02:30:00+00:00,35906.308155831975,2025-10-06,2,Monday
2025-10-06 02:45:00+00:00,35906.308155831975,2025-10-06,2,Monday
2025-10-06 03:00:00+00:00,36065.29983381462,2025-10-06,3,Monday
2025-10-06 03:15:00+00:00,36065.29983381462,2025-10-06,3,Monday
2025-10-06 03:30:00+00:00,36065.299833814606,2025-10-06,3,Monday
2025-10-06 03:45:00+00:00,36065.299833814606,2025-10-06,3,Monday
2025-10-06 04:00:00+00:00,37619.25700316501,2025-10-06,4,Monday
2025-10-06 04:15:00+00:00,37619.25700316502,2025-10-06,4,Monday
2025-10-06 04:30:00+00:00,37619.25700316501,2025-10-06,4,Monday
2025-10-06 04:45:00+00:00,37619.25700316501,2025-10-06,4,Monday
2025-10-06 05:00:00+00:00,42509.8293310153,2025-10-06,5,Monday
2025-10-06 05:15:00+00:00,42509.829331015295,2025-10-06,5,Monday
2025-10-06 05:30:00+00:00,42509.8293310153,2025-10-06,5,Monday
2025-10-06 05:45:00+00:00,42509.8293310153,2025-10-06,5,Monday
2025-10-06 06:00:00+00:00,42800.30167732249,2025-10-06,6,Monday
2025-10-06 06:15:00+00:00,42800.30167732249,2025-10-06,6,Monday
2025-10-06 06:30:00+00:00,42800.30167732249,2025-10-06,6,Monday
2025-10-06 06:45:00+00:00,42800.3016773225,2025-10-06,6,Monday
2025-10-06 07:00:00+00:00,42524.002488648686,2025-10-06,7,Monday
2025-10-06 07:15:00+00:00,42524.00248864869,2025-10-06,7,Monday
2025-10-06 07:30:00+00:00,42524.00248864871,2025-10-06,7,Monday
2025-10-06 07:45:00+00:00,42524.00248864871,2025-10-06,7,Monday
2025-10-06 08:00:00+00:00,41093.23311115004,2025-10-06,8,Monday
2025-10-06 08:15:00+00:00,41093.23311115004,2025-10-06,8,Monday
2025-10-06 08:30:00+00:00,41093.233111150046,2025-10-06,8,Monday
2025-10-06 08:45:00+00:00,41093.23311115004,2025-10-06,8,Monday
2025-10-06 09:00:00+00:00,40645.7412445949,2025-10-06,9,Monday
2025-10-06 09:15:00+00:00,40645.741244594894,2025-10-06,9,Monday
2025-10-06 09:30:00+00:00,40645.7412445949,2025-10-06,9,Monday
2025-10-06 09:45:00+00:00,40645.741244594894,2025-10-06,9,Monday
2025-10-06 10:00:00+00:00,40236.637944562455,2025-10-06,10,Monday
2025-10-06 10:15:00+00:00,40236.63794456245,2025-10-06,10,Monday
2025-10-06 10:30:00+00:00,40236.637944562455,2025-10-06,10,Monday
2025-10-06 10:45:00+00:00,40236.637944562455,2025-10-06,10,Monday
2025-10-06 11:00:00+00:00,40203.552381869,2025-10-06,11,Monday
2025-10-06 11:15:00+00:00,40203.552381869005,2025-10-06,11,Monday
2025-10-06 11:30:00+00:00,40203.552381869,2025-10-06,11,Monday
2025-10-06 11:45:00+00:00,40203.55238186901,2025-10-06,11,Monday
2025-10-06 12:00:00+00:00,40081.34646189416,2025-10-06,12,Monday
2025-10-06 12:15:00+00:00,40081.34646189416,2025-10-06,12,Monday
2025-10-06 12:30:00+00:00,40081.34646189416,2025-10-06,12,Monday
2025-10-06 12:45:00+00:00,40081.346461894165,2025-10-06,12,Monday
2025-10-06 13:00:00+00:00,38973.03245333957,2025-10-06,13,Monday
2025-10-06 13:15:00+00:00,38973.03245333956,2025-10-06,13,Monday
2025-10-06 13:30:00+00:00,38973.03245333957,2025-10-06,13,Monday
2025-10-06 13:45:00+00:00,38973.03245333957,2025-10-06,13,Monday
2025-10-06 14:00:00+00:00,38917.484239722144,2025-10-06,14,Monday
2025-10-06 14:15:00+00:00,38917.484239722144,2025-10-06,14,Monday
2025-10-06 14:30:00+00:00,38917.484239722144,2025-10-06,14,Monday
2025-10-06 14:45:00+00:00,38917.484239722144,2025-10-06,14,Monday
2025-10-06 15:00:00+00:00,38917.484239722144,2025-10-06,15,Monday
2025-10-06 15:15:00+00:00,38917.48423972215,2025-10-06,15,Monday
2025-10-06 15:30:00+00:00,38917.484239722144,2025-10-06,15,Monday
2025-10-06 15:45:00+00:00,38917.484239722144,2025-10-06,15,Monday
2025-10-06 16:00:00+00:00,38930.02315960517,2025-10-06,16,Monday
2025-10-06 16:15:00+00:00,38930.02315960517,2025-10-06,16,Monday
2025-10-06 16:30:00+00:00,38930.02315960517,2025-10-06,16,Monday
2025-10-06 16:45:00+00:00,38930.02315960517,2025-10-06,16,Monday
2025-10-06 17:00:00+00:00,38322.29568710436,2025-10-06,17,Monday
2025-10-06 17:15:00+00:00,38322.29568710436,2025-10-06,17,Monday
2025-10-06 17:30:00+00:00,38322.295687104364,2025-10-06,17,Monday
2025-10-06 17:45:00+00:00,38322.295687104364,2025-10-06,17,Monday
2025-10-06 18:00:00+00:00,37269.916008590626,2025-10-06,18,Monday
2025-10-06 18:15:00+00:00,37269.91600859062,2025-10-06,18,Monday
2025-10-06 18:30:00+00:00,37269.91600859062,2025-10-06,18,Monday
2025-10-06 18:45:00+00:00,37269.91600859062,2025-10-06,18,Monday
2025-10-06 19:00:00+00:00,36188.45844094645,2025-10-06,19,Monday
2025-10-06 19:15:00+00:00,36188.45844094645,2025-10-06,19,Monday
2025-10-06 19:30:00+00:00,36188.458440946444,2025-10-06,19,Monday
2025-10-06 19:45:00+00:00,36188.45844094645,2025-10-06,19,Monday
2025-10-06 20:00:00+00:00,35178.65327987211,2025-10-06,20,Monday
2025-10-06 20:15:00+00:00,35178.6532798721,2025-10-06,20,Monday
2025-10-06 20:30:00+00:00,35178.65327987212,2025-10-06,20,Monday
2025-10-06 20:45:00+00:00,35178.65327987211,2025-10-06,20,Monday
2025-10-06 21:00:00+00:00,35103.553054034775,2025-10-06,21,Monday
2025-10-06 21:15:00+00:00,35103.55305403477,2025-10-06,21,Monday
2025-10-06 21:30:00+00:00,35103.55305403477,2025-10-06,21,Monday
2025-10-06 21:45:00+00:00,35103.55305403477,2025-10-06,21,Monday
2025-10-06 22:00:00+00:00,35005.12921715639,2025-10-06,22,Monday
