datetime,predicted_15min,actual_15min,error,hour,date
2025-01-01 00:00:00,27907.29254523109,29701.865,1794.5724547689133,2025-01-01 00:00:00,2025-01-01
2025-01-01 00:15:00,28671.58650436511,29552.147,880.5604956348907,2025-01-01 00:00:00,2025-01-01
2025-01-01 00:30:00,28561.627566454223,29564.857,1003.2294335457773,2025-01-01 00:00:00,2025-01-01
2025-01-01 00:45:00,28130.283236155297,29311.014,1180.7307638447019,2025-01-01 00:00:00,2025-01-01
2025-01-01 01:00:00,27512.9357963738,29232.474,1719.538203626198,2025-01-01 01:00:00,2025-01-01
2025-01-01 01:15:00,27189.22202740687,30235.562,3046.3399725931304,2025-01-01 01:00:00,2025-01-01
2025-01-01 01:30:00,27065.420353335732,30236.44,3171.0196466642665,2025-01-01 01:00:00,2025-01-01
2025-01-01 01:45:00,26694.106057526413,29397.262,2703.155942473586,2025-01-01 01:00:00,2025-01-01
2025-01-01 02:00:00,27571.473395058412,29104.019,1532.545604941588,2025-01-01 02:00:00,2025-01-01
2025-01-01 02:15:00,27280.97516151197,28684.753,1403.7778384880294,2025-01-01 02:00:00,2025-01-01
2025-01-01 02:30:00,27413.32321798683,28238.784,825.4607820131714,2025-01-01 02:00:00,2025-01-01
2025-01-01 02:45:00,27571.473395058412,28048.652,477.17860494158595,2025-01-01 02:00:00,2025-01-01
2025-01-01 03:00:00,29347.79126439092,27671.354,-1676.4372643909192,2025-01-01 03:00:00,2025-01-01
2025-01-01 03:15:00,29524.41239795919,27498.341,-2026.0713979591892,2025-01-01 03:00:00,2025-01-01
2025-01-01 03:30:00,29837.34522425159,27164.6,-2672.74522425159,2025-01-01 03:00:00,2025-01-01
2025-01-01 03:45:00,29937.87721419213,27091.051,-2846.8262141921296,2025-01-01 03:00:00,2025-01-01
2025-01-01 04:00:00,33432.34739801554,27060.029,-6372.318398015541,2025-01-01 04:00:00,2025-01-01
2025-01-01 04:15:00,34418.34822926574,27007.818,-7410.530229265743,2025-01-01 04:00:00,2025-01-01
2025-01-01 04:30:00,35539.5221393746,27134.256,-8405.266139374602,2025-01-01 04:00:00,2025-01-01
2025-01-01 04:45:00,36086.74119284114,27029.018,-9057.723192841138,2025-01-01 04:00:00,2025-01-01
2025-01-01 05:00:00,38061.01260000754,27505.459,-10555.55360000754,2025-01-01 05:00:00,2025-01-01
2025-01-01 05:15:00,38924.71436831642,27579.183,-11345.531368316417,2025-01-01 05:00:00,2025-01-01
2025-01-01 05:30:00,39218.56531239749,27908.625,-11309.940312397492,2025-01-01 05:00:00,2025-01-01
2025-01-01 05:45:00,39591.4986657456,27984.05,-11607.448665745604,2025-01-01 05:00:00,2025-01-01
2025-01-01 06:00:00,40434.13867254402,28513.064,-11921.074672544019,2025-01-01 06:00:00,2025-01-01
2025-01-01 06:15:00,40776.682894943835,28862.922,-11913.760894943836,2025-01-01 06:00:00,2025-01-01
2025-01-01 06:30:00,40853.02037479882,29032.894,-11820.12637479882,2025-01-01 06:00:00,2025-01-01
2025-01-01 06:45:00,41126.136126631056,29223.975,-11902.161126631057,2025-01-01 06:00:00,2025-01-01
2025-01-01 07:00:00,40851.783442109896,29506.562,-11345.221442109894,2025-01-01 07:00:00,2025-01-01
2025-01-01 07:15:00,41152.196232253016,29859.895,-11292.301232253016,2025-01-01 07:00:00,2025-01-01
2025-01-01 07:30:00,41202.4067839259,30138.029,-11064.377783925902,2025-01-01 07:00:00,2025-01-01
2025-01-01 07:45:00,41107.9306291637,30330.468,-10777.462629163696,2025-01-01 07:00:00,2025-01-01
2025-01-01 08:00:00,39733.4359918307,30032.357,-9701.078991830702,2025-01-01 08:00:00,2025-01-01
2025-01-01 08:15:00,40053.95294991256,30195.934,-9858.018949912555,2025-01-01 08:00:00,2025-01-01
2025-01-01 08:30:00,40053.95294991256,30404.686,-9649.266949912555,2025-01-01 08:00:00,2025-01-01
2025-01-01 08:45:00,40395.463399831264,30679.079,-9716.384399831262,2025-01-01 08:00:00,2025-01-01
2025-01-01 09:00:00,40477.54803364491,30808.35,-9669.198033644912,2025-01-01 09:00:00,2025-01-01
2025-01-01 09:15:00,40477.54803364491,31007.494,-9470.054033644912,2025-01-01 09:00:00,2025-01-01
2025-01-01 09:30:00,40477.54803364491,31097.494,-9380.054033644912,2025-01-01 09:00:00,2025-01-01
2025-01-01 09:45:00,40477.54803364491,31726.858,-8750.69003364491,2025-01-01 09:00:00,2025-01-01
2025-01-01 10:00:00,40399.08142250007,32071.583,-8327.498422500074,2025-01-01 10:00:00,2025-01-01
2025-01-01 10:15:00,40368.412810536705,32432.157,-7936.255810536706,2025-01-01 10:00:00,2025-01-01
2025-01-01 10:30:00,40127.65408392953,32763.983,-7363.6710839295265,2025-01-01 10:00:00,2025-01-01
2025-01-01 10:45:00,40144.472801856726,32732.283,-7412.189801856726,2025-01-01 10:00:00,2025-01-01
2025-01-01 11:00:00,39970.69742056961,32528.319,-7442.37842056961,2025-01-01 11:00:00,2025-01-01
2025-01-01 11:15:00,39987.51613849681,32503.696,-7483.820138496809,2025-01-01 11:00:00,2025-01-01
2025-01-01 11:30:00,40000.18343816606,32153.875,-7846.308438166059,2025-01-01 11:00:00,2025-01-01
2025-01-01 11:45:00,39668.4923744948,32235.444,-7433.048374494803,2025-01-01 11:00:00,2025-01-01
2025-01-01 12:00:00,38942.557559903915,32386.178,-6556.379559903915,2025-01-01 12:00:00,2025-01-01
2025-01-01 12:15:00,38942.557559903915,32264.055,-6678.5025599039145,2025-01-01 12:00:00,2025-01-01
2025-01-01 12:30:00,39062.52221792034,32665.634,-6396.888217920343,2025-01-01 12:00:00,2025-01-01
2025-01-01 12:45:00,38942.557559903915,32458.579,-6483.978559903913,2025-01-01 12:00:00,2025-01-01
2025-01-01 13:00:00,40018.53430400585,32635.706,-7382.828304005852,2025-01-01 13:00:00,2025-01-01
2025-01-01 13:15:00,40089.64366201178,32662.854,-7426.789662011783,2025-01-01 13:00:00,2025-01-01
2025-01-01 13:30:00,40061.83165027905,32911.866,-7149.965650279046,2025-01-01 13:00:00,2025-01-01
2025-01-01 13:45:00,40061.83165027905,32531.223,-7530.608650279046,2025-01-01 13:00:00,2025-01-01
2025-01-01 14:00:00,39938.07047220291,32284.048,-7654.0224722029125,2025-01-01 14:00:00,2025-01-01
2025-01-01 14:15:00,39973.561256030094,32606.871,-7366.690256030095,2025-01-01 14:00:00,2025-01-01
2025-01-01 14:30:00,39010.00542170453,32824.413,-6185.592421704532,2025-01-01 14:00:00,2025-01-01
2025-01-01 14:45:00,39010.00542170453,32845.855,-6164.150421704529,2025-01-01 14:00:00,2025-01-01
2025-01-01 15:00:00,38803.33891862348,32496.974,-6306.36491862348,2025-01-01 15:00:00,2025-01-01
2025-01-01 15:15:00,38803.33891862348,32542.439,-6260.89991862348,2025-01-01 15:00:00,2025-01-01
2025-01-01 15:30:00,39020.56456507353,32737.645,-6282.919565073531,2025-01-01 15:00:00,2025-01-01
2025-01-01 15:45:00,39057.644555183186,33039.097,-6018.547555183184,2025-01-01 15:00:00,2025-01-01
2025-01-01 16:00:00,38916.59109303934,33457.667,-5458.924093039335,2025-01-01 16:00:00,2025-01-01
2025-01-01 16:15:00,39624.66039918571,33551.32,-6073.340399185712,2025-01-01 16:00:00,2025-01-01
2025-01-01 16:30:00,40230.2039708738,33892.884,-6337.319970873803,2025-01-01 16:00:00,2025-01-01
2025-01-01 16:45:00,40230.2039708738,34510.218,-5719.9859708738,2025-01-01 16:00:00,2025-01-01
2025-01-01 17:00:00,38237.778635447714,35009.335,-3228.4436354477148,2025-01-01 17:00:00,2025-01-01
2025-01-01 17:15:00,37882.465306061764,35795.536,-2086.929306061764,2025-01-01 17:00:00,2025-01-01
2025-01-01 17:30:00,37829.20588525008,36263.738,-1565.4678852500801,2025-01-01 17:00:00,2025-01-01
2025-01-01 17:45:00,37605.118034795174,36552.927,-1052.1910347951707,2025-01-01 17:00:00,2025-01-01
2025-01-01 18:00:00,36032.86595096988,36520.988,488.12204903012025,2025-01-01 18:00:00,2025-01-01
2025-01-01 18:15:00,35809.27123154994,36737.222,927.9507684500641,2025-01-01 18:00:00,2025-01-01
2025-01-01 18:30:00,35340.3815154133,36516.359,1175.9774845866996,2025-01-01 18:00:00,2025-01-01
2025-01-01 18:45:00,34984.83268366303,36103.249,1118.416316336974,2025-01-01 18:00:00,2025-01-01
2025-01-01 19:00:00,34795.1450814416,36034.459,1239.3139185584005,2025-01-01 19:00:00,2025-01-01
2025-01-01 19:15:00,34440.68375196092,35793.038,1352.3542480390824,2025-01-01 19:00:00,2025-01-01
2025-01-01 19:30:00,33983.26914969216,35361.385,1378.1158503078404,2025-01-01 19:00:00,2025-01-01
2025-01-01 19:45:00,33983.26914969216,34936.767,953.4978503078382,2025-01-01 19:00:00,2025-01-01
2025-01-01 20:00:00,32372.785074470507,34541.233,2168.4479255294937,2025-01-01 20:00:00,2025-01-01
2025-01-01 20:15:00,32146.64908775936,33878.493,1731.8439122406417,2025-01-01 20:00:00,2025-01-01
2025-01-01 20:30:00,31819.3109260293,33472.548,1653.237073970704,2025-01-01 20:00:00,2025-01-01
2025-01-01 20:45:00,31484.457931314093,33237.957,1753.4990686859092,2025-01-01 20:00:00,2025-01-01
2025-01-01 21:00:00,30790.3836006528,32882.547,2092.1633993471987,2025-01-01 21:00:00,2025-01-01
2025-01-01 21:15:00,30680.340890696327,32336.051,1655.7101093036727,2025-01-01 21:00:00,2025-01-01
2025-01-01 21:30:00,30680.340890696327,32006.648,1326.3071093036742,2025-01-01 21:00:00,2025-01-01
2025-01-01 21:45:00,30253.287415362563,31439.772,1186.4845846374374,2025-01-01 21:00:00,2025-01-01
2025-01-01 22:00:00,29764.107614972043,31235.063,1470.9553850279553,2025-01-01 22:00:00,2025-01-01
2025-01-01 22:15:00,29523.52973405333,30823.401,1299.8712659466728,2025-01-01 22:00:00,2025-01-01
2025-01-01 22:30:00,29135.959802212514,31108.874,1972.914197787486,2025-01-01 22:00:00,2025-01-01
2025-01-01 22:45:00,29005.087602031777,30446.449,1441.3613979682232,2025-01-01 22:00:00,2025-01-01
2025-01-01 23:00:00,28937.768205888246,29893.582,955.8137941117529,2025-01-01 23:00:00,2025-01-01
2025-01-01 23:15:00,28716.712327460074,29340.602,623.8896725399245,2025-01-01 23:00:00,2025-01-01
2025-01-01 23:30:00,28726.230239446788,28953.462,227.23176055321164,2025-01-01 23:00:00,2025-01-01
2025-01-01 23:45:00,28634.44188486835,28421.653,-212.78888486835058,2025-01-01 23:00:00,2025-01-01
2025-01-02 00:00:00,27566.982304043373,28209.879,642.8966959566278,2025-01-02 00:00:00,2025-01-02
2025-01-02 00:15:00,28298.37595721406,27829.843,-468.5329572140581,2025-01-02 00:00:00,2025-01-02
2025-01-02 00:30:00,28236.845154760766,27493.335,-743.5101547607665,2025-01-02 00:00:00,2025-01-02
2025-01-02 00:45:00,27863.212031849238,26970.708,-892.5040318492393,2025-01-02 00:00:00,2025-01-02
2025-01-02 01:00:00,27095.979461896135,26889.966,-206.0134618961347,2025-01-02 01:00:00,2025-01-02
2025-01-02 01:15:00,26839.78113776142,27794.738,954.9568622385814,2025-01-02 01:00:00,2025-01-02
2025-01-02 01:30:00,26768.42991335933,27598.109,829.67908664067,2025-01-02 01:00:00,2025-01-02
2025-01-02 01:45:00,26498.033583646844,27129.38,631.3464163531571,2025-01-02 01:00:00,2025-01-02
2025-01-02 02:00:00,28042.518653397885,26669.139,-1373.3796533978857,2025-01-02 02:00:00,2025-01-02
2025-01-02 02:15:00,27901.94715632718,26404.094,-1497.853156327179,2025-01-02 02:00:00,2025-01-02
2025-01-02 02:30:00,27979.020451852364,25999.34,-1979.680451852364,2025-01-02 02:00:00,2025-01-02
2025-01-02 02:45:00,28042.518653397885,25915.45,-2127.068653397884,2025-01-02 02:00:00,2025-01-02
2025-01-02 03:00:00,32639.149188601357,25936.088,-6703.061188601358,2025-01-02 03:00:00,2025-01-02
2025-01-02 03:15:00,32734.44530030952,25713.973,-7020.472300309517,2025-01-02 03:00:00,2025-01-02
2025-01-02 03:30:00,33317.18514757138,25599.463,-7717.722147571378,2025-01-02 03:00:00,2025-01-02
2025-01-02 03:45:00,33393.251101077745,25624.845,-7768.406101077744,2025-01-02 03:00:00,2025-01-02
2025-01-02 04:00:00,39361.09524821669,25842.217,-13518.87824821669,2025-01-02 04:00:00,2025-01-02
2025-01-02 04:15:00,40455.684793429646,26128.22,-14327.464793429644,2025-01-02 04:00:00,2025-01-02
2025-01-02 04:30:00,41697.61069993503,26372.015,-15325.595699935031,2025-01-02 04:00:00,2025-01-02
2025-01-02 04:45:00,42663.68099350795,26792.058,-15871.62299350795,2025-01-02 04:00:00,2025-01-02
2025-01-02 05:00:00,44785.203075809164,27569.321,-17215.882075809164,2025-01-02 05:00:00,2025-01-02
2025-01-02 05:15:00,45603.555212776504,28136.383,-17467.172212776502,2025-01-02 05:00:00,2025-01-02
2025-01-02 05:30:00,46318.44099956965,29104.25,-17214.190999569648,2025-01-02 05:00:00,2025-01-02
2025-01-02 05:45:00,46517.82132498632,29472.735,-17045.086324986318,2025-01-02 05:00:00,2025-01-02
2025-01-02 06:00:00,45218.61388464647,31009.133,-14209.480884646466,2025-01-02 06:00:00,2025-01-02
2025-01-02 06:15:00,45224.215655456544,31988.798,-13235.417655456546,2025-01-02 06:00:00,2025-01-02
2025-01-02 06:30:00,45710.453419744576,32796.028,-12914.425419744577,2025-01-02 06:00:00,2025-01-02
2025-01-02 06:45:00,45970.66678763455,33705.829,-12264.837787634555,2025-01-02 06:00:00,2025-01-02
2025-01-02 07:00:00,43409.39526027386,34850.053,-8559.342260273857,2025-01-02 07:00:00,2025-01-02
2025-01-02 07:15:00,43669.608628163835,35770.264,-7899.344628163832,2025-01-02 07:00:00,2025-01-02
2025-01-02 07:30:00,43854.36677284298,36338.372,-7515.994772842976,2025-01-02 07:00:00,2025-01-02
2025-01-02 07:45:00,43669.608628163835,36875.124,-6794.484628163831,2025-01-02 07:00:00,2025-01-02
2025-01-02 08:00:00,41476.842674543535,37745.827,-3731.015674543538,2025-01-02 08:00:00,2025-01-02
2025-01-02 08:15:00,41908.02254356512,37722.233,-4185.789543565123,2025-01-02 08:00:00,2025-01-02
2025-01-02 08:30:00,41908.02254356512,38066.954,-3841.068543565125,2025-01-02 08:00:00,2025-01-02
2025-01-02 08:45:00,42992.28872470285,38469.994,-4522.29472470285,2025-01-02 08:00:00,2025-01-02
2025-01-02 09:00:00,43624.63077683822,39292.277,-4332.353776838216,2025-01-02 09:00:00,2025-01-02
2025-01-02 09:15:00,43624.63077683822,39446.374,-4178.256776838214,2025-01-02 09:00:00,2025-01-02
2025-01-02 09:30:00,43624.63077683822,39602.866,-4021.7647768382158,2025-01-02 09:00:00,2025-01-02
2025-01-02 09:45:00,43624.63077683822,39560.263,-4064.3677768382186,2025-01-02 09:00:00,2025-01-02
2025-01-02 10:00:00,43167.11410214065,39363.606,-3803.5081021406513,2025-01-02 10:00:00,2025-01-02
2025-01-02 10:15:00,43167.11410214065,39377.715,-3789.3991021406546,2025-01-02 10:00:00,2025-01-02
2025-01-02 10:30:00,42530.387024086536,39437.193,-3093.194024086537,2025-01-02 10:00:00,2025-01-02
2025-01-02 10:45:00,42530.387024086536,39780.719,-2749.668024086539,2025-01-02 10:00:00,2025-01-02
2025-01-02 11:00:00,41546.39518931359,40500.417,-1045.9781893135878,2025-01-02 11:00:00,2025-01-02
2025-01-02 11:15:00,41663.74224971361,40308.547,-1355.195249713608,2025-01-02 11:00:00,2025-01-02
2025-01-02 11:30:00,41663.74224971361,40635.134,-1028.6082497136085,2025-01-02 11:00:00,2025-01-02
2025-01-02 11:45:00,41629.69802066164,41003.324,-626.3740206616421,2025-01-02 11:00:00,2025-01-02
2025-01-02 12:00:00,40737.98290421782,41156.489,418.5060957821843,2025-01-02 12:00:00,2025-01-02
2025-01-02 12:15:00,40737.98290421782,41347.765,609.7820957821823,2025-01-02 12:00:00,2025-01-02
2025-01-02 12:30:00,40687.65114314307,41401.576,713.924856856931,2025-01-02 12:00:00,2025-01-02
2025-01-02 12:45:00,40737.98290421782,41313.329,575.3460957821808,2025-01-02 12:00:00,2025-01-02
2025-01-02 13:00:00,40591.029366951705,41493.498,902.4686330482946,2025-01-02 13:00:00,2025-01-02
2025-01-02 13:15:00,41045.41071591831,41464.495,419.0842840816913,2025-01-02 13:00:00,2025-01-02
2025-01-02 13:30:00,41045.41071591831,41728.632,683.2212840816865,2025-01-02 13:00:00,2025-01-02
2025-01-02 13:45:00,41045.41071591831,41488.913,443.50228408168914,2025-01-02 13:00:00,2025-01-02
2025-01-02 14:00:00,40527.47825388364,41306.601,779.1227461163653,2025-01-02 14:00:00,2025-01-02
2025-01-02 14:15:00,40527.47825388364,41136.168,608.6897461163608,2025-01-02 14:00:00,2025-01-02
2025-01-02 14:30:00,40523.368385331545,41224.362,700.9936146684558,2025-01-02 14:00:00,2025-01-02
2025-01-02 14:45:00,40523.368385331545,40820.426,297.05761466845433,2025-01-02 14:00:00,2025-01-02
2025-01-02 15:00:00,40600.480963729795,40859.915,259.434036270206,2025-01-02 15:00:00,2025-01-02
2025-01-02 15:15:00,40600.480963729795,40844.249,243.76803627020854,2025-01-02 15:00:00,2025-01-02
2025-01-02 15:30:00,40605.41542810192,40608.076,2.66057189807907,2025-01-02 15:00:00,2025-01-02
2025-01-02 15:45:00,40555.083667027175,40611.059,55.975332972826436,2025-01-02 15:00:00,2025-01-02
2025-01-02 16:00:00,40129.94396827969,40580.186,450.2420317203141,2025-01-02 16:00:00,2025-01-02
2025-01-02 16:15:00,40103.320826098585,40657.917,554.5961739014165,2025-01-02 16:00:00,2025-01-02
2025-01-02 16:30:00,40189.716815892825,41334.14,1144.4231841071742,2025-01-02 16:00:00,2025-01-02
2025-01-02 16:45:00,40189.716815892825,41419.436,1229.7191841071763,2025-01-02 16:00:00,2025-01-02
2025-01-02 17:00:00,38332.334559286035,41317.445,2985.1104407139646,2025-01-02 17:00:00,2025-01-02
2025-01-02 17:15:00,38222.55372067267,41532.202,3309.6482793273244,2025-01-02 17:00:00,2025-01-02
2025-01-02 17:30:00,38130.316941964265,41640.438,3510.1210580357365,2025-01-02 17:00:00,2025-01-02
2025-01-02 17:45:00,37844.93223055351,41724.535,3879.6027694464938,2025-01-02 17:00:00,2025-01-02
2025-01-02 18:00:00,35626.36293475362,41634.849,6008.486065246383,2025-01-02 18:00:00,2025-01-02
2025-01-02 18:15:00,35514.36962292614,41455.062,5940.692377073858,2025-01-02 18:00:00,2025-01-02
2025-01-02 18:30:00,35377.48808747866,41193.94,5816.451912521341,2025-01-02 18:00:00,2025-01-02
2025-01-02 18:45:00,35384.794784485464,40893.144,5508.349215514536,2025-01-02 18:00:00,2025-01-02
2025-01-02 19:00:00,34134.29235993114,40594.554,6460.261640068857,2025-01-02 19:00:00,2025-01-02
2025-01-02 19:15:00,33794.13079131276,39917.694,6123.563208687243,2025-01-02 19:00:00,2025-01-02
2025-01-02 19:30:00,33537.02467260573,39642.475,6105.450327394268,2025-01-02 19:00:00,2025-01-02
2025-01-02 19:45:00,33537.02467260573,39260.511,5723.486327394268,2025-01-02 19:00:00,2025-01-02
2025-01-02 20:00:00,31170.358026952763,38728.488,7558.129973047235,2025-01-02 20:00:00,2025-01-02
2025-01-02 20:15:00,30959.91508492888,37851.358,6891.4429150711185,2025-01-02 20:00:00,2025-01-02
2025-01-02 20:30:00,30679.321556524566,36909.802,6230.480443475437,2025-01-02 20:00:00,2025-01-02
2025-01-02 20:45:00,30554.225104500914,36366.653,5812.427895499084,2025-01-02 20:00:00,2025-01-02
2025-01-02 21:00:00,29377.326640413285,35599.141,6221.814359586719,2025-01-02 21:00:00,2025-01-02
2025-01-02 21:15:00,29200.31416928658,35059.469,5859.154830713418,2025-01-02 21:00:00,2025-01-02
2025-01-02 21:30:00,29200.31416928658,34460.255,5259.940830713418,2025-01-02 21:00:00,2025-01-02
2025-01-02 21:45:00,29007.86664235364,33721.076,4713.209357646359,2025-01-02 21:00:00,2025-01-02
2025-01-02 22:00:00,28961.31890214415,33033.491,4072.1720978558515,2025-01-02 22:00:00,2025-01-02
2025-01-02 22:15:00,28682.294160923288,32547.264,3864.9698390767117,2025-01-02 22:00:00,2025-01-02
2025-01-02 22:30:00,28442.413487298258,32610.266,4167.852512701742,2025-01-02 22:00:00,2025-01-02
2025-01-02 22:45:00,28372.453386384903,31886.142,3513.688613615097,2025-01-02 22:00:00,2025-01-02
2025-01-02 23:00:00,28481.917271975457,31056.742,2574.8247280245414,2025-01-02 23:00:00,2025-01-02
2025-01-02 23:15:00,28283.566924753737,30415.322,2131.755075246263,2025-01-02 23:00:00,2025-01-02
2025-01-02 23:30:00,28283.566924753737,29884.058,1600.4910752462638,2025-01-02 23:00:00,2025-01-02
2025-01-02 23:45:00,28283.566924753737,29559.753,1276.1860752462635,2025-01-02 23:00:00,2025-01-02
2025-01-03 00:00:00,27278.748478751557,29002.076,1723.327521248444,2025-01-03 00:00:00,2025-01-03
2025-01-03 00:15:00,27952.415537749424,28475.578,523.1624622505769,2025-01-03 00:00:00,2025-01-03
2025-01-03 00:30:00,27884.77639930976,28027.495,142.7186006902375,2025-01-03 00:00:00,2025-01-03
2025-01-03 00:45:00,27528.047471975762,27588.735,60.68752802423842,2025-01-03 00:00:00,2025-01-03
2025-01-03 01:00:00,26754.499897924783,27310.2,555.7001020752177,2025-01-03 01:00:00,2025-01-03
2025-01-03 01:15:00,26511.442478010733,28331.669,1820.2265219892688,2025-01-03 01:00:00,2025-01-03
2025-01-03 01:30:00,26491.06631693071,28213.239,1722.1726830692896,2025-01-03 01:00:00,2025-01-03
2025-01-03 01:45:00,26310.078156142994,27730.45,1420.3718438570068,2025-01-03 01:00:00,2025-01-03
2025-01-03 02:00:00,28245.038136811272,27267.521,-977.5171368112715,2025-01-03 02:00:00,2025-01-03
2025-01-03 02:15:00,28138.522535832264,26943.566,-1194.9565358322652,2025-01-03 02:00:00,2025-01-03
2025-01-03 02:30:00,28171.6247166822,26491.17,-1680.4547166822013,2025-01-03 02:00:00,2025-01-03
2025-01-03 02:45:00,28245.038136811272,26311.585,-1933.453136811273,2025-01-03 02:00:00,2025-01-03
2025-01-03 03:00:00,36860.111878945725,26319.846,-10540.265878945724,2025-01-03 03:00:00,2025-01-03
2025-01-03 03:15:00,36877.82096452495,26241.563,-10636.257964524953,2025-01-03 03:00:00,2025-01-03
2025-01-03 03:30:00,37472.744696920396,26088.489,-11384.255696920394,2025-01-03 03:00:00,2025-01-03
2025-01-03 03:45:00,37556.05730952877,25727.902,-11828.15530952877,2025-01-03 03:00:00,2025-01-03
2025-01-03 04:00:00,47798.85538448345,26199.922,-21598.933384483455,2025-01-03 04:00:00,2025-01-03
2025-01-03 04:15:00,48767.37291621874,26362.604,-22404.768916218738,2025-01-03 04:00:00,2025-01-03
2025-01-03 04:30:00,48870.111229842296,26554.126,-22315.985229842296,2025-01-03 04:00:00,2025-01-03
2025-01-03 04:45:00,48849.88549142252,26905.809,-21944.076491422522,2025-01-03 04:00:00,2025-01-03
2025-01-03 05:00:00,50224.320945284344,27722.912,-22501.408945284344,2025-01-03 05:00:00,2025-01-03
2025-01-03 05:15:00,50804.09296746961,28312.204,-22491.888967469607,2025-01-03 05:00:00,2025-01-03
2025-01-03 05:30:00,51395.50681731397,29182.103,-22213.403817313974,2025-01-03 05:00:00,2025-01-03
2025-01-03 05:45:00,51802.41947357738,29800.57,-22001.84947357738,2025-01-03 05:00:00,2025-01-03
2025-01-03 06:00:00,48916.48720221078,31547.753,-17368.73420221078,2025-01-03 06:00:00,2025-01-03
2025-01-03 06:15:00,48977.28747387773,32337.406,-16639.881473877733,2025-01-03 06:00:00,2025-01-03
2025-01-03 06:30:00,49328.37991948265,33251.117,-16077.262919482651,2025-01-03 06:00:00,2025-01-03
2025-01-03 06:45:00,49627.35166677461,34017.139,-15610.212666774605,2025-01-03 06:00:00,2025-01-03
2025-01-03 07:00:00,45886.059698598736,35127.944,-10758.115698598733,2025-01-03 07:00:00,2025-01-03
2025-01-03 07:15:00,46016.98242724904,36130.805,-9886.177427249037,2025-01-03 07:00:00,2025-01-03
2025-01-03 07:30:00,46232.81499757159,37050.662,-9182.152997571597,2025-01-03 07:00:00,2025-01-03
2025-01-03 07:45:00,46016.98242724904,37732.789,-8284.19342724904,2025-01-03 07:00:00,2025-01-03
2025-01-03 08:00:00,43648.305782297495,38342.619,-5305.686782297496,2025-01-03 08:00:00,2025-01-03
2025-01-03 08:15:00,43969.835659279335,38772.709,-5197.126659279333,2025-01-03 08:00:00,2025-01-03
2025-01-03 08:30:00,43969.835659279335,39063.924,-4905.911659279336,2025-01-03 08:00:00,2025-01-03
2025-01-03 08:45:00,44908.52030841596,39855.595,-5052.925308415957,2025-01-03 08:00:00,2025-01-03
2025-01-03 09:00:00,45656.62166859656,40135.293,-5521.328668596565,2025-01-03 09:00:00,2025-01-03
2025-01-03 09:15:00,45656.62166859656,40528.168,-5128.453668596565,2025-01-03 09:00:00,2025-01-03
2025-01-03 09:30:00,45656.62166859656,40979.355,-4677.26666859656,2025-01-03 09:00:00,2025-01-03
2025-01-03 09:45:00,45656.62166859656,41292.243,-4364.378668596561,2025-01-03 09:00:00,2025-01-03
2025-01-03 10:00:00,45072.43571387565,41467.82,-3604.6157138756535,2025-01-03 10:00:00,2025-01-03
2025-01-03 10:15:00,45072.43571387565,41537.333,-3535.1027138756544,2025-01-03 10:00:00,2025-01-03
2025-01-03 10:30:00,44997.72005812066,42027.462,-2970.258058120664,2025-01-03 10:00:00,2025-01-03
2025-01-03 10:45:00,44997.72005812066,42050.289,-2947.4310581206664,2025-01-03 10:00:00,2025-01-03
2025-01-03 11:00:00,43486.0037788606,42030.047,-1455.9567788606,2025-01-03 11:00:00,2025-01-03
2025-01-03 11:15:00,43592.90531965962,42067.289,-1525.6163196596244,2025-01-03 11:00:00,2025-01-03
2025-01-03 11:30:00,43592.90531965962,41975.193,-1617.7123196596222,2025-01-03 11:00:00,2025-01-03
2025-01-03 11:45:00,43592.90531965962,41904.783,-1688.1223196596184,2025-01-03 11:00:00,2025-01-03
2025-01-03 12:00:00,41875.63437974973,41916.544,40.909620250269654,2025-01-03 12:00:00,2025-01-03
2025-01-03 12:15:00,41875.63437974973,41557.509,-318.12537974973384,2025-01-03 12:00:00,2025-01-03
2025-01-03 12:30:00,41875.63437974973,41809.641,-65.99337974972877,2025-01-03 12:00:00,2025-01-03
2025-01-03 12:45:00,41875.63437974973,41220.33,-655.3043797497303,2025-01-03 12:00:00,2025-01-03
2025-01-03 13:00:00,41685.28545950447,41546.776,-138.50945950447203,2025-01-03 13:00:00,2025-01-03
2025-01-03 13:15:00,42065.090217107514,41298.543,-766.5472171075162,2025-01-03 13:00:00,2025-01-03
2025-01-03 13:30:00,42065.090217107514,41336.158,-728.932217107511,2025-01-03 13:00:00,2025-01-03
2025-01-03 13:45:00,42065.090217107514,41457.782,-607.3082171075148,2025-01-03 13:00:00,2025-01-03
2025-01-03 14:00:00,41669.713666606294,41228.798,-440.9156666062918,2025-01-03 14:00:00,2025-01-03
2025-01-03 14:15:00,41669.713666606294,41041.428,-628.2856666062944,2025-01-03 14:00:00,2025-01-03
2025-01-03 14:30:00,41669.713666606294,40947.368,-722.3456666062921,2025-01-03 14:00:00,2025-01-03
2025-01-03 14:45:00,41669.713666606294,40954.206,-715.507666606296,2025-01-03 14:00:00,2025-01-03
2025-01-03 15:00:00,41634.60877818076,40828.969,-805.6397781807609,2025-01-03 15:00:00,2025-01-03
2025-01-03 15:15:00,41634.60877818076,40479.838,-1154.7707781807549,2025-01-03 15:00:00,2025-01-03
2025-01-03 15:30:00,41634.60877818076,40323.346,-1311.2627781807605,2025-01-03 15:00:00,2025-01-03
2025-01-03 15:45:00,41856.46617410418,40674.36,-1182.1061741041776,2025-01-03 15:00:00,2025-01-03
2025-01-03 16:00:00,41037.37427241863,40717.565,-319.8092724186281,2025-01-03 16:00:00,2025-01-03
2025-01-03 16:15:00,41079.638781755784,40624.405,-455.23378175578546,2025-01-03 16:00:00,2025-01-03
2025-01-03 16:30:00,40792.17060352083,41057.054,264.8833964791629,2025-01-03 16:00:00,2025-01-03
2025-01-03 16:45:00,40792.17060352083,41365.375,573.2043964791665,2025-01-03 16:00:00,2025-01-03
2025-01-03 17:00:00,38977.951965866145,42152.093,3174.141034133856,2025-01-03 17:00:00,2025-01-03
2025-01-03 17:15:00,38977.951965866145,42605.97,3628.0180341338564,2025-01-03 17:00:00,2025-01-03
2025-01-03 17:30:00,38977.951965866145,42776.742,3798.7900341338536,2025-01-03 17:00:00,2025-01-03
2025-01-03 17:45:00,38775.93434854436,43220.618,4444.683651455642,2025-01-03 17:00:00,2025-01-03
2025-01-03 18:00:00,36255.22471274368,42858.345,6603.120287256323,2025-01-03 18:00:00,2025-01-03
2025-01-03 18:15:00,36255.22471274368,42766.332,6511.107287256324,2025-01-03 18:00:00,2025-01-03
2025-01-03 18:30:00,36118.3431772962,42262.783,6144.439822703804,2025-01-03 18:00:00,2025-01-03
2025-01-03 18:45:00,36118.3431772962,41666.907,5548.5638227038,2025-01-03 18:00:00,2025-01-03
2025-01-03 19:00:00,33703.33210339829,41215.337,7512.004896601713,2025-01-03 19:00:00,2025-01-03
2025-01-03 19:15:00,33482.13223147367,40561.892,7079.759768526332,2025-01-03 19:00:00,2025-01-03
2025-01-03 19:30:00,33131.60525301804,40144.812,7013.206746981959,2025-01-03 19:00:00,2025-01-03
2025-01-03 19:45:00,33131.60525301804,39656.99,6525.384746981959,2025-01-03 19:00:00,2025-01-03
2025-01-03 20:00:00,30092.89025603184,39218.997,9126.106743968165,2025-01-03 20:00:00,2025-01-03
2025-01-03 20:15:00,29960.63434664767,37963.72,8003.085653352333,2025-01-03 20:00:00,2025-01-03
2025-01-03 20:30:00,29703.834571052743,37065.587,7361.752428947257,2025-01-03 20:00:00,2025-01-03
2025-01-03 20:45:00,29648.09495558869,36612.116,6964.021044411311,2025-01-03 20:00:00,2025-01-03
2025-01-03 21:00:00,28580.627987943797,36087.564,7506.936012056201,2025-01-03 21:00:00,2025-01-03
2025-01-03 21:15:00,28375.824932612795,35427.579,7051.754067387203,2025-01-03 21:00:00,2025-01-03
2025-01-03 21:30:00,28375.824932612795,34913.21,6537.385067387204,2025-01-03 21:00:00,2025-01-03
2025-01-03 21:45:00,28266.35690022997,34330.521,6064.164099770031,2025-01-03 21:00:00,2025-01-03
2025-01-03 22:00:00,28288.02674021551,33743.536,5455.509259784489,2025-01-03 22:00:00,2025-01-03
2025-01-03 22:15:00,28054.97155788409,33278.836,5223.8644421159115,2025-01-03 22:00:00,2025-01-03
2025-01-03 22:30:00,27903.936133474283,33245.272,5341.335866525715,2025-01-03 22:00:00,2025-01-03
2025-01-03 22:45:00,27895.658749106322,32610.901,4715.24225089368,2025-01-03 22:00:00,2025-01-03
2025-01-03 23:00:00,28091.410791448594,31888.634,3797.2232085514042,2025-01-03 23:00:00,2025-01-03
2025-01-03 23:15:00,27956.599069681506,31302.475,3345.8759303184925,2025-01-03 23:00:00,2025-01-03
2025-01-03 23:30:00,27956.599069681506,30798.376,2841.776930318494,2025-01-03 23:00:00,2025-01-03
2025-01-03 23:45:00,27956.599069681506,30386.686,2430.0869303184954,2025-01-03 23:00:00,2025-01-03
2025-01-04 00:00:00,26503.6456419575,29936.167,3432.5213580425007,2025-01-04 00:00:00,2025-01-04
2025-01-04 00:15:00,26993.74178468658,29572.578,2578.836215313422,2025-01-04 00:00:00,2025-01-04
2025-01-04 00:30:00,26993.74178468658,28897.382,1903.6402153134222,2025-01-04 00:00:00,2025-01-04
2025-01-04 00:45:00,26696.51730251358,28695.782,1999.2646974864183,2025-01-04 00:00:00,2025-01-04
2025-01-04 01:00:00,25884.359747459603,28757.633,2873.273252540399,2025-01-04 01:00:00,2025-01-04
2025-01-04 01:15:00,25707.61155708337,29423.836,3716.2244429166276,2025-01-04 01:00:00,2025-01-04
2025-01-04 01:30:00,25685.928037525806,29274.182,3588.253962474195,2025-01-04 01:00:00,2025-01-04
2025-01-04 01:45:00,25580.188799011365,28649.536,3069.3472009886354,2025-01-04 01:00:00,2025-01-04
2025-01-04 02:00:00,27825.696848969783,28100.705,275.00815103021887,2025-01-04 02:00:00,2025-01-04
2025-01-04 02:15:00,27785.508778667067,27608.61,-176.89877866706593,2025-01-04 02:00:00,2025-01-04
2025-01-04 02:30:00,27795.345366351343,27538.184,-257.1613663513417,2025-01-04 02:00:00,2025-01-04
2025-01-04 02:45:00,27825.696848969783,27084.183,-741.513848969782,2025-01-04 02:00:00,2025-01-04
2025-01-04 03:00:00,32578.983497888454,27168.433,-5410.550497888453,2025-01-04 03:00:00,2025-01-04
2025-01-04 03:15:00,32578.983497888454,26874.658,-5704.325497888454,2025-01-04 03:00:00,2025-01-04
2025-01-04 03:30:00,32705.90178844464,26745.27,-5960.63178844464,2025-01-04 03:00:00,2025-01-04
2025-01-04 03:45:00,32782.697526219155,26528.555,-6254.142526219155,2025-01-04 03:00:00,2025-01-04
2025-01-04 04:00:00,37308.806671913226,26549.237,-10759.569671913225,2025-01-04 04:00:00,2025-01-04
2025-01-04 04:15:00,37349.289526094704,26686.788,-10662.501526094704,2025-01-04 04:00:00,2025-01-04
2025-01-04 04:30:00,37349.289526094704,26933.05,-10416.239526094705,2025-01-04 04:00:00,2025-01-04
2025-01-04 04:45:00,37349.289526094704,26966.186,-10383.103526094703,2025-01-04 04:00:00,2025-01-04
2025-01-04 05:00:00,39835.19109613591,27494.587,-12340.60409613591,2025-01-04 05:00:00,2025-01-04
2025-01-04 05:15:00,40300.29124122464,27853.05,-12447.241241224638,2025-01-04 05:00:00,2025-01-04
2025-01-04 05:30:00,40537.10257795078,28040.235,-12496.867577950783,2025-01-04 05:00:00,2025-01-04
2025-01-04 05:45:00,40935.70956245061,28541.683,-12394.02656245061,2025-01-04 05:00:00,2025-01-04
2025-01-04 06:00:00,38953.95186245163,28968.905,-9985.046862451629,2025-01-04 06:00:00,2025-01-04
2025-01-04 06:15:00,38992.415479637835,29617.388,-9375.027479637836,2025-01-04 06:00:00,2025-01-04
2025-01-04 06:30:00,39240.246162876945,29726.028,-9514.218162876947,2025-01-04 06:00:00,2025-01-04
2025-01-04 06:45:00,39332.184886657844,30072.378,-9259.806886657843,2025-01-04 06:00:00,2025-01-04
2025-01-04 07:00:00,37396.97572977823,30762.803,-6634.172729778227,2025-01-04 07:00:00,2025-01-04
2025-01-04 07:15:00,37509.06198567328,31200.354,-6308.707985673282,2025-01-04 07:00:00,2025-01-04
2025-01-04 07:30:00,37685.65384747672,31606.726,-6078.927847476723,2025-01-04 07:00:00,2025-01-04
2025-01-04 07:45:00,37509.06198567328,32235.735,-5273.32698567328,2025-01-04 07:00:00,2025-01-04
2025-01-04 08:00:00,37879.16246809962,32785.136,-5094.026468099619,2025-01-04 08:00:00,2025-01-04
2025-01-04 08:15:00,37823.89432977288,33407.815,-4416.079329772874,2025-01-04 08:00:00,2025-01-04
2025-01-04 08:30:00,37823.89432977288,34273.575,-3550.3193297728794,2025-01-04 08:00:00,2025-01-04
2025-01-04 08:45:00,38200.87205095821,34657.999,-3542.873050958209,2025-01-04 08:00:00,2025-01-04
2025-01-04 09:00:00,39754.59383407383,35104.342,-4650.251834073832,2025-01-04 09:00:00,2025-01-04
2025-01-04 09:15:00,39754.59383407383,35597.834,-4156.759834073826,2025-01-04 09:00:00,2025-01-04
2025-01-04 09:30:00,39754.59383407383,36056.633,-3697.960834073827,2025-01-04 09:00:00,2025-01-04
2025-01-04 09:45:00,39754.59383407383,36456.748,-3297.845834073829,2025-01-04 09:00:00,2025-01-04
2025-01-04 10:00:00,39962.34838080552,36928.023,-3034.325380805516,2025-01-04 10:00:00,2025-01-04
2025-01-04 10:15:00,39962.34838080552,37097.283,-2865.065380805514,2025-01-04 10:00:00,2025-01-04
2025-01-04 10:30:00,39946.46425987306,36978.261,-2968.2032598730584,2025-01-04 10:00:00,2025-01-04
2025-01-04 10:45:00,39946.46425987306,37020.111,-2926.35325987306,2025-01-04 10:00:00,2025-01-04
2025-01-04 11:00:00,39165.637404115034,37074.712,-2090.9254041150343,2025-01-04 11:00:00,2025-01-04
2025-01-04 11:15:00,39281.45177273351,36995.529,-2285.922772733509,2025-01-04 11:00:00,2025-01-04
2025-01-04 11:30:00,39281.45177273351,37070.36,-2211.091772733511,2025-01-04 11:00:00,2025-01-04
2025-01-04 11:45:00,39281.45177273351,37334.081,-1947.3707727335131,2025-01-04 11:00:00,2025-01-04
2025-01-04 12:00:00,38265.737391411356,37549.866,-715.8713914113541,2025-01-04 12:00:00,2025-01-04
2025-01-04 12:15:00,38265.737391411356,37494.463,-771.2743914113526,2025-01-04 12:00:00,2025-01-04
2025-01-04 12:30:00,38265.737391411356,37794.466,-471.2713914113556,2025-01-04 12:00:00,2025-01-04
2025-01-04 12:45:00,38265.737391411356,37327.886,-937.8513914113573,2025-01-04 12:00:00,2025-01-04
2025-01-04 13:00:00,38121.5526150072,37481.839,-639.7136150071965,2025-01-04 13:00:00,2025-01-04
2025-01-04 13:15:00,38469.68261886632,37050.657,-1419.0256188663188,2025-01-04 13:00:00,2025-01-04
2025-01-04 13:30:00,38469.68261886632,37590.768,-878.9146188663217,2025-01-04 13:00:00,2025-01-04
2025-01-04 13:45:00,38469.68261886632,37276.025,-1193.6576188663166,2025-01-04 13:00:00,2025-01-04
2025-01-04 14:00:00,38199.913610902964,37408.413,-791.5006109029637,2025-01-04 14:00:00,2025-01-04
2025-01-04 14:15:00,38199.913610902964,37446.761,-753.1526109029655,2025-01-04 14:00:00,2025-01-04
2025-01-04 14:30:00,38199.913610902964,38799.219,599.3053890970332,2025-01-04 14:00:00,2025-01-04
2025-01-04 14:45:00,38199.913610902964,38384.386,184.47238909703447,2025-01-04 14:00:00,2025-01-04
2025-01-04 15:00:00,38555.67859833854,38117.546,-438.13259833853954,2025-01-04 15:00:00,2025-01-04
2025-01-04 15:15:00,38555.67859833854,37666.17,-889.5085983385434,2025-01-04 15:00:00,2025-01-04
2025-01-04 15:30:00,38555.67859833854,37196.27,-1359.4085983385448,2025-01-04 15:00:00,2025-01-04
2025-01-04 15:45:00,38655.102444060605,37353.824,-1301.2784440606047,2025-01-04 15:00:00,2025-01-04
2025-01-04 16:00:00,37717.59785377206,37878.05,160.45214622794447,2025-01-04 16:00:00,2025-01-04
2025-01-04 16:15:00,37747.25483080245,37936.449,189.19416919755167,2025-01-04 16:00:00,2025-01-04
2025-01-04 16:30:00,37235.478908266574,38514.615,1279.136091733424,2025-01-04 16:00:00,2025-01-04
2025-01-04 16:45:00,37235.478908266574,39025.08,1789.601091733428,2025-01-04 16:00:00,2025-01-04
2025-01-04 17:00:00,35408.337186391065,39652.305,4243.967813608935,2025-01-04 17:00:00,2025-01-04
2025-01-04 17:15:00,35408.337186391065,39966.761,4558.423813608933,2025-01-04 17:00:00,2025-01-04
2025-01-04 17:30:00,35408.337186391065,40327.676,4919.338813608934,2025-01-04 17:00:00,2025-01-04
2025-01-04 17:45:00,35394.31723027626,40824.718,5430.400769723739,2025-01-04 17:00:00,2025-01-04
2025-01-04 18:00:00,34360.15611353456,40768.765,6408.6088864654375,2025-01-04 18:00:00,2025-01-04
2025-01-04 18:15:00,34360.15611353456,40381.002,6020.8458864654385,2025-01-04 18:00:00,2025-01-04
2025-01-04 18:30:00,34323.81490245253,39972.348,5648.533097547472,2025-01-04 18:00:00,2025-01-04
2025-01-04 18:45:00,34323.81490245253,39664.335,5340.520097547473,2025-01-04 18:00:00,2025-01-04
2025-01-04 19:00:00,31960.64339951976,39510.816,7550.17260048024,2025-01-04 19:00:00,2025-01-04
2025-01-04 19:15:00,31847.245007649177,39152.923,7305.677992350826,2025-01-04 19:00:00,2025-01-04
2025-01-04 19:30:00,31558.88132443025,38781.236,7222.354675569746,2025-01-04 19:00:00,2025-01-04
2025-01-04 19:45:00,31558.88132443025,38366.491,6807.609675569751,2025-01-04 19:00:00,2025-01-04
2025-01-04 20:00:00,29073.25284922131,37933.947,8860.69415077869,2025-01-04 20:00:00,2025-01-04
2025-01-04 20:15:00,28798.943072418668,37251.009,8452.06592758133,2025-01-04 20:00:00,2025-01-04
2025-01-04 20:30:00,28506.51967920549,36321.931,7815.411320794508,2025-01-04 20:00:00,2025-01-04
2025-01-04 20:45:00,28506.51967920549,36019.653,7513.13332079451,2025-01-04 20:00:00,2025-01-04
2025-01-04 21:00:00,26754.54265881754,35369.312,8614.769341182458,2025-01-04 21:00:00,2025-01-04
2025-01-04 21:15:00,26642.6046760567,34963.6,8320.995323943298,2025-01-04 21:00:00,2025-01-04
2025-01-04 21:30:00,26642.6046760567,34283.168,7640.563323943297,2025-01-04 21:00:00,2025-01-04
2025-01-04 21:45:00,26556.60238941065,33810.938,7254.335610589351,2025-01-04 21:00:00,2025-01-04
2025-01-04 22:00:00,26948.24438273832,33406.962,6458.717617261678,2025-01-04 22:00:00,2025-01-04
2025-01-04 22:15:00,26754.90028079984,32864.673,6109.772719200162,2025-01-04 22:00:00,2025-01-04
2025-01-04 22:30:00,26604.144287537467,32238.367,5634.2227124625315,2025-01-04 22:00:00,2025-01-04
2025-01-04 22:45:00,26604.144287537467,31792.017,5187.872712462533,2025-01-04 22:00:00,2025-01-04
2025-01-04 23:00:00,27039.34966622487,31273.806,4234.4563337751315,2025-01-04 23:00:00,2025-01-04
2025-01-04 23:15:00,26808.37809646658,30976.209,4167.8309035334205,2025-01-04 23:00:00,2025-01-04
2025-01-04 23:30:00,26808.37809646658,30451.284,3642.905903533421,2025-01-04 23:00:00,2025-01-04
2025-01-04 23:45:00,26808.37809646658,29838.304,3029.9259035334217,2025-01-04 23:00:00,2025-01-04
2025-01-05 00:00:00,25000.882926461472,29722.282,4721.399073538527,2025-01-05 00:00:00,2025-01-05
2025-01-05 00:15:00,25264.810756281844,29389.069,4124.258243718155,2025-01-05 00:00:00,2025-01-05
2025-01-05 00:30:00,25264.810756281844,28932.092,3667.2812437181565,2025-01-05 00:00:00,2025-01-05
2025-01-05 00:45:00,25065.132542650088,28410.591,3345.4584573499124,2025-01-05 00:00:00,2025-01-05
2025-01-05 01:00:00,24935.17548333919,28501.13,3565.9545166608114,2025-01-05 01:00:00,2025-01-05
2025-01-05 01:15:00,24843.149823615837,28074.979,3231.8291763841626,2025-01-05 01:00:00,2025-01-05
2025-01-05 01:30:00,24851.704132395993,27911.77,3060.0658676040075,2025-01-05 01:00:00,2025-01-05
2025-01-05 01:45:00,24810.209577634534,27352.787,2542.577422365466,2025-01-05 01:00:00,2025-01-05
2025-01-05 02:00:00,26799.95826508721,27186.38,386.42173491279027,2025-01-05 02:00:00,2025-01-05
2025-01-05 02:15:00,26786.236469865005,26823.286,37.04953013499471,2025-01-05 02:00:00,2025-01-05
2025-01-05 02:30:00,26799.95826508721,26666.164,-133.79426508721008,2025-01-05 02:00:00,2025-01-05
2025-01-05 02:45:00,26799.95826508721,26529.911,-270.0472650872107,2025-01-05 02:00:00,2025-01-05
2025-01-05 03:00:00,30781.30523691994,26309.622,-4471.68323691994,2025-01-05 03:00:00,2025-01-05
2025-01-05 03:15:00,30781.30523691994,26252.543,-4528.762236919938,2025-01-05 03:00:00,2025-01-05
2025-01-05 03:30:00,30778.590397541935,26075.189,-4703.401397541937,2025-01-05 03:00:00,2025-01-05
2025-01-05 03:45:00,30778.910268191146,25985.529,-4793.381268191148,2025-01-05 03:00:00,2025-01-05
2025-01-05 04:00:00,34788.249278363524,26101.62,-8686.629278363525,2025-01-05 04:00:00,2025-01-05
2025-01-05 04:15:00,34801.71678889079,26174.202,-8627.514788890792,2025-01-05 04:00:00,2025-01-05
2025-01-05 04:30:00,34801.71678889079,26143.962,-8657.754788890794,2025-01-05 04:00:00,2025-01-05
2025-01-05 04:45:00,34801.71678889079,26501.686,-8300.030788890792,2025-01-05 04:00:00,2025-01-05
2025-01-05 05:00:00,35814.335694339876,26674.975,-9139.360694339877,2025-01-05 05:00:00,2025-01-05
2025-01-05 05:15:00,36363.03375134545,26912.286,-9450.74775134545,2025-01-05 05:00:00,2025-01-05
2025-01-05 05:30:00,36450.802752546224,26932.201,-9518.601752546223,2025-01-05 05:00:00,2025-01-05
2025-01-05 05:45:00,36811.88805855169,26947.221,-9864.667058551688,2025-01-05 05:00:00,2025-01-05
2025-01-05 06:00:00,34773.42207037013,27345.649,-7427.773070370127,2025-01-05 06:00:00,2025-01-05
2025-01-05 06:15:00,34773.42207037013,27631.473,-7141.949070370127,2025-01-05 06:00:00,2025-01-05
2025-01-05 06:30:00,34936.570237657965,27667.072,-7269.498237657965,2025-01-05 06:00:00,2025-01-05
2025-01-05 06:45:00,34927.087269750664,28141.001,-6786.086269750664,2025-01-05 06:00:00,2025-01-05
2025-01-05 07:00:00,34183.80902066342,28659.771,-5524.038020663422,2025-01-05 07:00:00,2025-01-05
2025-01-05 07:15:00,34280.91344155842,28538.969,-5741.9444415584185,2025-01-05 07:00:00,2025-01-05
2025-01-05 07:30:00,34424.16690024502,29189.171,-5234.995900245023,2025-01-05 07:00:00,2025-01-05
2025-01-05 07:45:00,34280.91344155842,29594.566,-4686.3474415584205,2025-01-05 07:00:00,2025-01-05
2025-01-05 08:00:00,35085.13357300962,30055.52,-5029.6135730096175,2025-01-05 08:00:00,2025-01-05
2025-01-05 08:15:00,35039.38018889183,30382.349,-4657.031188891833,2025-01-05 08:00:00,2025-01-05
2025-01-05 08:30:00,35039.38018889183,30337.365,-4702.01518889183,2025-01-05 08:00:00,2025-01-05
2025-01-05 08:45:00,35120.26167014905,30887.363,-4232.898670149047,2025-01-05 08:00:00,2025-01-05
2025-01-05 09:00:00,36864.692555952286,31423.843,-5440.849555952285,2025-01-05 09:00:00,2025-01-05
2025-01-05 09:15:00,36864.692555952286,31703.418,-5161.274555952285,2025-01-05 09:00:00,2025-01-05
2025-01-05 09:30:00,36864.692555952286,32251.154,-4613.538555952287,2025-01-05 09:00:00,2025-01-05
2025-01-05 09:45:00,36864.692555952286,32620.635,-4244.057555952288,2025-01-05 09:00:00,2025-01-05
2025-01-05 10:00:00,37195.30380415498,33054.376,-4140.927804154984,2025-01-05 10:00:00,2025-01-05
2025-01-05 10:15:00,37195.30380415498,33174.046,-4021.2578041549787,2025-01-05 10:00:00,2025-01-05
2025-01-05 10:30:00,37170.707437896795,33872.957,-3297.7504378967933,2025-01-05 10:00:00,2025-01-05
2025-01-05 10:45:00,37170.707437896795,33780.758,-3389.949437896794,2025-01-05 10:00:00,2025-01-05
2025-01-05 11:00:00,36881.09907119749,33976.175,-2904.9240711974853,2025-01-05 11:00:00,2025-01-05
2025-01-05 11:15:00,36910.11004016132,34171.462,-2738.6480401613226,2025-01-05 11:00:00,2025-01-05
2025-01-05 11:30:00,36910.11004016132,34506.717,-2403.393040161325,2025-01-05 11:00:00,2025-01-05
2025-01-05 11:45:00,36910.11004016132,34885.206,-2024.9040401613238,2025-01-05 11:00:00,2025-01-05
2025-01-05 12:00:00,36330.21474536546,34797.899,-1532.315745365464,2025-01-05 12:00:00,2025-01-05
2025-01-05 12:15:00,36330.21474536546,34857.318,-1472.8967453654623,2025-01-05 12:00:00,2025-01-05
2025-01-05 12:30:00,36330.21474536546,35126.879,-1203.3357453654608,2025-01-05 12:00:00,2025-01-05
2025-01-05 12:45:00,36330.21474536546,35127.969,-1202.2457453654642,2025-01-05 12:00:00,2025-01-05
2025-01-05 13:00:00,36241.85862766464,35080.219,-1161.639627664641,2025-01-05 13:00:00,2025-01-05
2025-01-05 13:15:00,36299.3527210451,34846.433,-1452.919721045102,2025-01-05 13:00:00,2025-01-05
2025-01-05 13:30:00,36299.3527210451,35526.382,-772.9707210451015,2025-01-05 13:00:00,2025-01-05
2025-01-05 13:45:00,36299.3527210451,34910.349,-1389.0037210450973,2025-01-05 13:00:00,2025-01-05
2025-01-05 14:00:00,36636.2053372601,34954.525,-1681.680337260099,2025-01-05 14:00:00,2025-01-05
2025-01-05 14:15:00,36636.2053372601,34645.977,-1990.2283372601014,2025-01-05 14:00:00,2025-01-05
2025-01-05 14:30:00,36636.2053372601,34763.802,-1872.403337260097,2025-01-05 14:00:00,2025-01-05
2025-01-05 14:45:00,36636.2053372601,34594.496,-2041.7093372601012,2025-01-05 14:00:00,2025-01-05
2025-01-05 15:00:00,37979.712758263966,34675.172,-3304.5407582639673,2025-01-05 15:00:00,2025-01-05
2025-01-05 15:15:00,37979.712758263966,34518.777,-3460.935758263964,2025-01-05 15:00:00,2025-01-05
2025-01-05 15:30:00,37979.712758263966,34850.27,-3129.442758263969,2025-01-05 15:00:00,2025-01-05
2025-01-05 15:45:00,38028.260794458234,34461.483,-3566.777794458234,2025-01-05 15:00:00,2025-01-05
2025-01-05 16:00:00,36681.31546126465,34879.596,-1801.719461264649,2025-01-05 16:00:00,2025-01-05
2025-01-05 16:15:00,36681.31546126465,35029.748,-1651.5674612646471,2025-01-05 16:00:00,2025-01-05
2025-01-05 16:30:00,36399.57863614375,35337.765,-1061.81363614375,2025-01-05 16:00:00,2025-01-05
2025-01-05 16:45:00,36399.57863614375,35706.264,-693.3146361437466,2025-01-05 16:00:00,2025-01-05
2025-01-05 17:00:00,33868.0269604535,36494.374,2626.3470395465047,2025-01-05 17:00:00,2025-01-05
2025-01-05 17:15:00,33868.0269604535,37090.663,3222.6360395465017,2025-01-05 17:00:00,2025-01-05
2025-01-05 17:30:00,33868.0269604535,37615.613,3747.586039546499,2025-01-05 17:00:00,2025-01-05
2025-01-05 17:45:00,33868.0269604535,38138.778,4270.7510395465,2025-01-05 17:00:00,2025-01-05
2025-01-05 18:00:00,33124.78730076428,38299.514,5174.726699235725,2025-01-05 18:00:00,2025-01-05
2025-01-05 18:15:00,33124.78730076428,38375.526,5250.738699235721,2025-01-05 18:00:00,2025-01-05
2025-01-05 18:30:00,32959.09095907894,38213.319,5254.228040921065,2025-01-05 18:00:00,2025-01-05
2025-01-05 18:45:00,32959.09095907894,38019.969,5060.878040921059,2025-01-05 18:00:00,2025-01-05
2025-01-05 19:00:00,30447.86848240264,37786.683,7338.814517597359,2025-01-05 19:00:00,2025-01-05
2025-01-05 19:15:00,30363.008797703387,37389.057,7026.048202296613,2025-01-05 19:00:00,2025-01-05
2025-01-05 19:30:00,30164.35327988504,36858.735,6694.381720114961,2025-01-05 19:00:00,2025-01-05
2025-01-05 19:45:00,30164.35327988504,36535.266,6370.912720114964,2025-01-05 19:00:00,2025-01-05
2025-01-05 20:00:00,27609.94773927532,35958.104,8348.156260724678,2025-01-05 20:00:00,2025-01-05
2025-01-05 20:15:00,27428.105053644478,35280.602,7852.496946355521,2025-01-05 20:00:00,2025-01-05
2025-01-05 20:30:00,27116.35019800468,34865.13,7748.779801995319,2025-01-05 20:00:00,2025-01-05
2025-01-05 20:45:00,27116.35019800468,34179.139,7062.788801995324,2025-01-05 20:00:00,2025-01-05
2025-01-05 21:00:00,25565.695128885745,33745.431,8179.7358711142515,2025-01-05 21:00:00,2025-01-05
2025-01-05 21:15:00,25521.32687583675,33357.783,7836.456124163255,2025-01-05 21:00:00,2025-01-05
2025-01-05 21:30:00,25521.32687583675,32808.535,7287.208124163255,2025-01-05 21:00:00,2025-01-05
2025-01-05 21:45:00,25458.948474909143,32258.859,6799.910525090858,2025-01-05 21:00:00,2025-01-05
2025-01-05 22:00:00,25318.528697235222,31931.378,6612.849302764778,2025-01-05 22:00:00,2025-01-05
2025-01-05 22:15:00,25255.73907258111,31259.386,6003.646927418889,2025-01-05 22:00:00,2025-01-05
2025-01-05 22:30:00,25194.492633954946,30778.595,5584.1023660450555,2025-01-05 22:00:00,2025-01-05
2025-01-05 22:45:00,25194.492633954946,29962.947,4768.4543660450545,2025-01-05 22:00:00,2025-01-05
2025-01-05 23:00:00,25370.866663370674,29531.484,4160.617336629326,2025-01-05 23:00:00,2025-01-05
2025-01-05 23:15:00,25245.60473364665,29001.277,3755.6722663533474,2025-01-05 23:00:00,2025-01-05
2025-01-05 23:30:00,25245.60473364665,28387.107,3141.502266353349,2025-01-05 23:00:00,2025-01-05
2025-01-05 23:45:00,25245.60473364665,27951.5,2705.895266353349,2025-01-05 23:00:00,2025-01-05
2025-01-06 00:00:00,25050.598044271646,27765.543,2714.944955728355,2025-01-06 00:00:00,2025-01-06
2025-01-06 00:15:00,25138.742944338937,27399.022,2260.2790556610635,2025-01-06 00:00:00,2025-01-06
2025-01-06 00:30:00,25138.742944338937,27074.448,1935.705055661063,2025-01-06 00:00:00,2025-01-06
2025-01-06 00:45:00,25090.059903442598,26842.724,1752.6640965574006,2025-01-06 00:00:00,2025-01-06
2025-01-06 01:00:00,25455.993518770894,26813.038,1357.0444812291062,2025-01-06 01:00:00,2025-01-06
2025-01-06 01:15:00,25409.145985135292,26462.643,1053.497014864708,2025-01-06 01:00:00,2025-01-06
2025-01-06 01:30:00,25409.145985135292,26381.918,972.7720148647095,2025-01-06 01:00:00,2025-01-06
2025-01-06 01:45:00,25318.591780266277,25955.059,636.467219733724,2025-01-06 01:00:00,2025-01-06
2025-01-06 02:00:00,27894.965478806866,25959.232,-1935.7334788068656,2025-01-06 02:00:00,2025-01-06
2025-01-06 02:15:00,27894.965478806866,25552.807,-2342.158478806865,2025-01-06 02:00:00,2025-01-06
2025-01-06 02:30:00,27894.965478806866,25512.859,-2382.106478806865,2025-01-06 02:00:00,2025-01-06
2025-01-06 02:45:00,27894.965478806866,25448.122,-2446.843478806866,2025-01-06 02:00:00,2025-01-06
2025-01-06 03:00:00,36484.05246205176,25469.181,-11014.87146205176,2025-01-06 03:00:00,2025-01-06
2025-01-06 03:15:00,36484.05246205176,25603.362,-10880.69046205176,2025-01-06 03:00:00,2025-01-06
2025-01-06 03:30:00,36484.05246205176,25596.456,-10887.596462051763,2025-01-06 03:00:00,2025-01-06
2025-01-06 03:45:00,36484.05246205176,25539.304,-10944.74846205176,2025-01-06 03:00:00,2025-01-06
2025-01-06 04:00:00,47408.95300586764,26018.397,-21390.55600586764,2025-01-06 04:00:00,2025-01-06
2025-01-06 04:15:00,47388.33966034573,26490.892,-20897.44766034573,2025-01-06 04:00:00,2025-01-06
2025-01-06 04:30:00,47388.33966034573,26701.356,-20686.98366034573,2025-01-06 04:00:00,2025-01-06
2025-01-06 04:45:00,47388.33966034573,27030.731,-20357.60866034573,2025-01-06 04:00:00,2025-01-06
2025-01-06 05:00:00,55045.26746572341,28224.105,-26821.16246572341,2025-01-06 05:00:00,2025-01-06
2025-01-06 05:15:00,55255.31884622707,28669.581,-26585.73784622707,2025-01-06 05:00:00,2025-01-06
2025-01-06 05:30:00,55321.414208564216,29637.481,-25683.933208564216,2025-01-06 05:00:00,2025-01-06
2025-01-06 05:45:00,55874.44548361687,30802.681,-25071.764483616873,2025-01-06 05:00:00,2025-01-06
2025-01-06 06:00:00,55397.63916946984,32519.764,-22877.87516946984,2025-01-06 06:00:00,2025-01-06
2025-01-06 06:15:00,55397.63916946984,33926.869,-21470.77016946984,2025-01-06 06:00:00,2025-01-06
2025-01-06 06:30:00,55397.63916946984,35505.559,-19892.08016946984,2025-01-06 06:00:00,2025-01-06
2025-01-06 06:45:00,55397.63916946984,36999.981,-18397.65816946984,2025-01-06 06:00:00,2025-01-06
2025-01-06 07:00:00,55599.56795215616,39029.724,-16569.84395215616,2025-01-06 07:00:00,2025-01-06
2025-01-06 07:15:00,55599.56795215616,40419.93,-15179.637952156161,2025-01-06 07:00:00,2025-01-06
2025-01-06 07:30:00,55534.2091196982,41570.176,-13964.0331196982,2025-01-06 07:00:00,2025-01-06
2025-01-06 07:45:00,55599.56795215616,42716.253,-12883.314952156165,2025-01-06 07:00:00,2025-01-06
2025-01-06 08:00:00,55326.307413569135,43736.988,-11589.319413569137,2025-01-06 08:00:00,2025-01-06
2025-01-06 08:15:00,55235.09800562102,44109.582,-11125.516005621015,2025-01-06 08:00:00,2025-01-06
2025-01-06 08:30:00,55235.09800562102,44658.476,-10576.622005621015,2025-01-06 08:00:00,2025-01-06
2025-01-06 08:45:00,55326.307413569135,45289.686,-10036.621413569133,2025-01-06 08:00:00,2025-01-06
2025-01-06 09:00:00,56298.056691649195,45547.81,-10750.246691649198,2025-01-06 09:00:00,2025-01-06
2025-01-06 09:15:00,56298.056691649195,45623.114,-10674.942691649194,2025-01-06 09:00:00,2025-01-06
2025-01-06 09:30:00,56298.056691649195,46124.946,-10173.110691649192,2025-01-06 09:00:00,2025-01-06
2025-01-06 09:45:00,56298.056691649195,46283.459,-10014.597691649193,2025-01-06 09:00:00,2025-01-06
2025-01-06 10:00:00,55092.561473409325,46229.929,-8862.632473409329,2025-01-06 10:00:00,2025-01-06
2025-01-06 10:15:00,55092.561473409325,46117.905,-8974.656473409326,2025-01-06 10:00:00,2025-01-06
2025-01-06 10:30:00,54956.2786670513,45825.942,-9130.336667051299,2025-01-06 10:00:00,2025-01-06
2025-01-06 10:45:00,54956.2786670513,46066.661,-8889.617667051301,2025-01-06 10:00:00,2025-01-06
2025-01-06 11:00:00,52509.641015482666,45962.036,-6547.605015482666,2025-01-06 11:00:00,2025-01-06
2025-01-06 11:15:00,52509.641015482666,46214.584,-6295.057015482664,2025-01-06 11:00:00,2025-01-06
2025-01-06 11:30:00,52509.641015482666,46601.51,-5908.131015482664,2025-01-06 11:00:00,2025-01-06
2025-01-06 11:45:00,52509.641015482666,46636.32,-5873.321015482667,2025-01-06 11:00:00,2025-01-06
2025-01-06 12:00:00,51168.298260146694,46397.94,-4770.3582601466915,2025-01-06 12:00:00,2025-01-06
2025-01-06 12:15:00,51168.298260146694,45151.987,-6016.311260146693,2025-01-06 12:00:00,2025-01-06
2025-01-06 12:30:00,51168.298260146694,44757.833,-6410.465260146695,2025-01-06 12:00:00,2025-01-06
2025-01-06 12:45:00,51168.298260146694,43409.96,-7758.338260146695,2025-01-06 12:00:00,2025-01-06
2025-01-06 13:00:00,50849.035852410314,42987.149,-7861.886852410316,2025-01-06 13:00:00,2025-01-06
2025-01-06 13:15:00,50849.035852410314,42523.368,-8325.667852410312,2025-01-06 13:00:00,2025-01-06
2025-01-06 13:30:00,50849.035852410314,42713.059,-8135.976852410313,2025-01-06 13:00:00,2025-01-06
2025-01-06 13:45:00,50849.035852410314,42916.1,-7932.935852410315,2025-01-06 13:00:00,2025-01-06
2025-01-06 14:00:00,50456.73984736318,43352.5,-7104.2398473631765,2025-01-06 14:00:00,2025-01-06
2025-01-06 14:15:00,50456.73984736318,43926.709,-6530.030847363174,2025-01-06 14:00:00,2025-01-06
2025-01-06 14:30:00,50456.73984736318,44142.737,-6314.0028473631755,2025-01-06 14:00:00,2025-01-06
2025-01-06 14:45:00,50456.73984736318,43855.18,-6601.559847363176,2025-01-06 14:00:00,2025-01-06
2025-01-06 15:00:00,52097.942024507785,43839.282,-8258.660024507786,2025-01-06 15:00:00,2025-01-06
2025-01-06 15:15:00,52097.942024507785,43667.533,-8430.409024507782,2025-01-06 15:00:00,2025-01-06
2025-01-06 15:30:00,52097.942024507785,43422.887,-8675.055024507783,2025-01-06 15:00:00,2025-01-06
2025-01-06 15:45:00,52137.0671945136,43363.628,-8773.439194513601,2025-01-06 15:00:00,2025-01-06
2025-01-06 16:00:00,47419.37466358872,43192.287,-4227.087663588725,2025-01-06 16:00:00,2025-01-06
2025-01-06 16:15:00,47419.37466358872,43092.125,-4327.249663588722,2025-01-06 16:00:00,2025-01-06
2025-01-06 16:30:00,47270.43539117728,43005.193,-4265.2423911772785,2025-01-06 16:00:00,2025-01-06
2025-01-06 16:45:00,47270.43539117728,43490.73,-3779.7053911772746,2025-01-06 16:00:00,2025-01-06
2025-01-06 17:00:00,41048.98367255747,43682.965,2633.981327442525,2025-01-06 17:00:00,2025-01-06
2025-01-06 17:15:00,41048.98367255747,43560.56,2511.5763274425262,2025-01-06 17:00:00,2025-01-06
2025-01-06 17:30:00,41048.98367255747,43516.703,2467.71932744253,2025-01-06 17:00:00,2025-01-06
2025-01-06 17:45:00,41048.98367255747,43699.865,2650.8813274425265,2025-01-06 17:00:00,2025-01-06
2025-01-06 18:00:00,36211.64919242159,43390.717,7179.067807578409,2025-01-06 18:00:00,2025-01-06
2025-01-06 18:15:00,36211.64919242159,43281.67,7070.02080757841,2025-01-06 18:00:00,2025-01-06
2025-01-06 18:30:00,36123.1040944085,42946.561,6823.456905591498,2025-01-06 18:00:00,2025-01-06
2025-01-06 18:45:00,36123.1040944085,42545.974,6422.8699055914985,2025-01-06 18:00:00,2025-01-06
2025-01-06 19:00:00,33373.0013546188,41842.015,8469.013645381201,2025-01-06 19:00:00,2025-01-06
2025-01-06 19:15:00,33373.0013546188,41154.579,7781.5776453811995,2025-01-06 19:00:00,2025-01-06
2025-01-06 19:30:00,33351.50237704319,40419.367,7067.864622956811,2025-01-06 19:00:00,2025-01-06
2025-01-06 19:45:00,33351.50237704319,40155.203,6803.700622956814,2025-01-06 19:00:00,2025-01-06
2025-01-06 20:00:00,29437.924248444728,39459.704,10021.77975155527,2025-01-06 20:00:00,2025-01-06
2025-01-06 20:15:00,29430.056144798018,38429.186,8999.129855201983,2025-01-06 20:00:00,2025-01-06
2025-01-06 20:30:00,29194.671992327632,37118.34,7923.668007672364,2025-01-06 20:00:00,2025-01-06
2025-01-06 20:45:00,29194.671992327632,36784.582,7589.91000767237,2025-01-06 20:00:00,2025-01-06
2025-01-06 21:00:00,26903.463398548058,35920.855,9017.391601451945,2025-01-06 21:00:00,2025-01-06
2025-01-06 21:15:00,26887.36300015366,35238.169,8350.805999846343,2025-01-06 21:00:00,2025-01-06
2025-01-06 21:30:00,26887.36300015366,34507.974,7620.6109998463435,2025-01-06 21:00:00,2025-01-06
2025-01-06 21:45:00,26863.760548545386,33732.534,6868.773451454614,2025-01-06 21:00:00,2025-01-06
2025-01-06 22:00:00,26133.211080395355,33110.155,6976.943919604644,2025-01-06 22:00:00,2025-01-06
2025-01-06 22:15:00,26116.42076718644,32437.331,6320.91023281356,2025-01-06 22:00:00,2025-01-06
2025-01-06 22:30:00,26116.42076718644,32391.51,6275.08923281356,2025-01-06 22:00:00,2025-01-06
2025-01-06 22:45:00,26116.42076718644,31486.368,5369.94723281356,2025-01-06 22:00:00,2025-01-06
2025-01-06 23:00:00,26216.73611511641,30848.687,4631.95088488359,2025-01-06 23:00:00,2025-01-06
2025-01-06 23:15:00,26199.945801907495,29933.781,3733.8351980925036,2025-01-06 23:00:00,2025-01-06
2025-01-06 23:30:00,26199.945801907495,29375.343,3175.3971980925053,2025-01-06 23:00:00,2025-01-06
2025-01-06 23:45:00,26199.945801907495,28748.613,2548.6671980925057,2025-01-06 23:00:00,2025-01-06
2025-01-07 00:00:00,26383.6020255435,28490.629,2107.026974456501,2025-01-07 00:00:00,2025-01-07
2025-01-07 00:15:00,26483.799167118086,28077.198,1593.3988328819141,2025-01-07 00:00:00,2025-01-07
2025-01-07 00:30:00,26483.799167118086,27489.944,1006.1448328819133,2025-01-07 00:00:00,2025-01-07
2025-01-07 00:45:00,26383.6020255435,26991.376,607.7739744565006,2025-01-07 00:00:00,2025-01-07
2025-01-07 01:00:00,26236.31075430084,27070.508,834.1972456991607,2025-01-07 01:00:00,2025-01-07
2025-01-07 01:15:00,26162.85160269284,27825.615,1662.7633973071606,2025-01-07 01:00:00,2025-01-07
2025-01-07 01:30:00,26162.85160269284,27712.436,1549.5843973071605,2025-01-07 01:00:00,2025-01-07
2025-01-07 01:45:00,26137.207511274206,27224.107,1086.899488725794,2025-01-07 01:00:00,2025-01-07
2025-01-07 02:00:00,28746.22265213984,27064.55,-1681.6726521398414,2025-01-07 02:00:00,2025-01-07
2025-01-07 02:15:00,28746.22265213984,26556.126,-2190.0966521398404,2025-01-07 02:00:00,2025-01-07
2025-01-07 02:30:00,28746.22265213984,26214.993,-2531.229652139842,2025-01-07 02:00:00,2025-01-07
2025-01-07 02:45:00,28746.22265213984,25904.258,-2841.964652139839,2025-01-07 02:00:00,2025-01-07
2025-01-07 03:00:00,40855.72454557157,26112.751,-14742.973545571567,2025-01-07 03:00:00,2025-01-07
2025-01-07 03:15:00,40855.72454557157,25849.65,-15006.074545571566,2025-01-07 03:00:00,2025-01-07
2025-01-07 03:30:00,40855.72454557157,25819.439,-15036.285545571569,2025-01-07 03:00:00,2025-01-07
2025-01-07 03:45:00,40855.72454557157,25911.991,-14943.733545571566,2025-01-07 03:00:00,2025-01-07
2025-01-07 04:00:00,49921.678248368764,26031.714,-23889.964248368764,2025-01-07 04:00:00,2025-01-07
2025-01-07 04:15:00,49921.678248368764,26168.22,-23753.458248368763,2025-01-07 04:00:00,2025-01-07
2025-01-07 04:30:00,49921.678248368764,26663.175,-23258.503248368765,2025-01-07 04:00:00,2025-01-07
2025-01-07 04:45:00,49921.678248368764,27095.895,-22825.783248368763,2025-01-07 04:00:00,2025-01-07
2025-01-07 05:00:00,57947.88908400659,27813.128,-30134.761084006586,2025-01-07 05:00:00,2025-01-07
2025-01-07 05:15:00,58041.54513432615,28537.514,-29504.031134326153,2025-01-07 05:00:00,2025-01-07
2025-01-07 05:30:00,58127.25533370068,29449.121,-28678.134333700684,2025-01-07 05:00:00,2025-01-07
2025-01-07 05:45:00,58441.56334270797,30788.809,-27652.754342707965,2025-01-07 05:00:00,2025-01-07
2025-01-07 06:00:00,57283.94482942357,32468.145,-24815.79982942357,2025-01-07 06:00:00,2025-01-07
2025-01-07 06:15:00,57283.94482942357,34303.518,-22980.426829423574,2025-01-07 06:00:00,2025-01-07
2025-01-07 06:30:00,57283.94482942357,35369.052,-21914.892829423567,2025-01-07 06:00:00,2025-01-07
2025-01-07 06:45:00,57283.94482942357,36818.226,-20465.718829423568,2025-01-07 06:00:00,2025-01-07
2025-01-07 07:00:00,56846.04634014164,38734.206,-18111.840340141644,2025-01-07 07:00:00,2025-01-07
2025-01-07 07:15:00,56846.04634014164,40177.725,-16668.321340141643,2025-01-07 07:00:00,2025-01-07
2025-01-07 07:30:00,56811.33926833079,41226.462,-15584.87726833079,2025-01-07 07:00:00,2025-01-07
2025-01-07 07:45:00,56846.04634014164,42495.225,-14350.821340141643,2025-01-07 07:00:00,2025-01-07
2025-01-07 08:00:00,56854.784728358354,43704.754,-13150.030728358353,2025-01-07 08:00:00,2025-01-07
2025-01-07 08:15:00,56769.07452898382,43805.84,-12963.234528983827,2025-01-07 08:00:00,2025-01-07
2025-01-07 08:30:00,56769.07452898382,44286.174,-12482.900528983824,2025-01-07 08:00:00,2025-01-07
2025-01-07 08:45:00,56854.784728358354,44566.355,-12288.429728358351,2025-01-07 08:00:00,2025-01-07
2025-01-07 09:00:00,57431.11313807766,45029.642,-12401.471138077657,2025-01-07 09:00:00,2025-01-07
2025-01-07 09:15:00,57431.11313807766,45219.42,-12211.693138077659,2025-01-07 09:00:00,2025-01-07
2025-01-07 09:30:00,57431.11313807766,45782.902,-11648.211138077655,2025-01-07 09:00:00,2025-01-07
2025-01-07 09:45:00,57431.11313807766,45859.091,-11572.022138077657,2025-01-07 09:00:00,2025-01-07
2025-01-07 10:00:00,55788.493481494144,46065.825,-9722.668481494147,2025-01-07 10:00:00,2025-01-07
2025-01-07 10:15:00,55788.493481494144,45634.979,-10153.514481494145,2025-01-07 10:00:00,2025-01-07
2025-01-07 10:30:00,55651.20272228187,45504.83,-10146.37272228187,2025-01-07 10:00:00,2025-01-07
2025-01-07 10:45:00,55651.20272228187,45747.872,-9903.33072228187,2025-01-07 10:00:00,2025-01-07
2025-01-07 11:00:00,52998.51460957988,46974.298,-6024.216609579875,2025-01-07 11:00:00,2025-01-07
2025-01-07 11:15:00,52998.51460957988,46614.097,-6384.417609579876,2025-01-07 11:00:00,2025-01-07
2025-01-07 11:30:00,52998.51460957988,45601.118,-7397.396609579875,2025-01-07 11:00:00,2025-01-07
2025-01-07 11:45:00,52998.51460957988,46177.22,-6821.294609579876,2025-01-07 11:00:00,2025-01-07
2025-01-07 12:00:00,52473.60107989819,46320.197,-6153.404079898188,2025-01-07 12:00:00,2025-01-07
2025-01-07 12:15:00,52473.60107989819,45860.606,-6612.995079898188,2025-01-07 12:00:00,2025-01-07
2025-01-07 12:30:00,52473.60107989819,45754.791,-6718.81007989819,2025-01-07 12:00:00,2025-01-07
2025-01-07 12:45:00,52473.60107989819,45362.597,-7111.004079898186,2025-01-07 12:00:00,2025-01-07
2025-01-07 13:00:00,52224.48961785056,45662.543,-6561.946617850561,2025-01-07 13:00:00,2025-01-07
2025-01-07 13:15:00,52224.48961785056,45781.694,-6442.795617850556,2025-01-07 13:00:00,2025-01-07
2025-01-07 13:30:00,52224.48961785056,44834.669,-7389.820617850557,2025-01-07 13:00:00,2025-01-07
2025-01-07 13:45:00,52224.48961785056,44388.435,-7836.054617850561,2025-01-07 13:00:00,2025-01-07
2025-01-07 14:00:00,52110.672676456226,44337.314,-7773.358676456228,2025-01-07 14:00:00,2025-01-07
2025-01-07 14:15:00,52110.672676456226,44256.258,-7854.414676456225,2025-01-07 14:00:00,2025-01-07
2025-01-07 14:30:00,52110.672676456226,43558.081,-8552.591676456228,2025-01-07 14:00:00,2025-01-07
2025-01-07 14:45:00,52110.672676456226,43726.531,-8384.141676456224,2025-01-07 14:00:00,2025-01-07
2025-01-07 15:00:00,52999.251909643855,43921.941,-9077.310909643857,2025-01-07 15:00:00,2025-01-07
2025-01-07 15:15:00,52999.251909643855,43904.068,-9095.183909643856,2025-01-07 15:00:00,2025-01-07
2025-01-07 15:30:00,52999.251909643855,43638.842,-9360.409909643859,2025-01-07 15:00:00,2025-01-07
2025-01-07 15:45:00,52999.251909643855,43271.759,-9727.492909643857,2025-01-07 15:00:00,2025-01-07
2025-01-07 16:00:00,47453.29819904394,43374.46,-4078.8381990439375,2025-01-07 16:00:00,2025-01-07
2025-01-07 16:15:00,47453.29819904394,43696.351,-3756.9471990439342,2025-01-07 16:00:00,2025-01-07
2025-01-07 16:30:00,47239.84316387162,43727.186,-3512.6571638716196,2025-01-07 16:00:00,2025-01-07
2025-01-07 16:45:00,47239.84316387162,43536.083,-3703.7601638716224,2025-01-07 16:00:00,2025-01-07
2025-01-07 17:00:00,39474.3653689664,44117.73,4643.364631033604,2025-01-07 17:00:00,2025-01-07
2025-01-07 17:15:00,39474.3653689664,44780.361,5305.995631033598,2025-01-07 17:00:00,2025-01-07
2025-01-07 17:30:00,39474.3653689664,44897.075,5422.709631033598,2025-01-07 17:00:00,2025-01-07
2025-01-07 17:45:00,39474.3653689664,45187.839,5713.473631033601,2025-01-07 17:00:00,2025-01-07
2025-01-07 18:00:00,35749.50960003858,44958.091,9208.581399961418,2025-01-07 18:00:00,2025-01-07
2025-01-07 18:15:00,35749.50960003858,44847.761,9098.251399961417,2025-01-07 18:00:00,2025-01-07
2025-01-07 18:30:00,35749.50960003858,44074.488,8324.978399961416,2025-01-07 18:00:00,2025-01-07
2025-01-07 18:45:00,35749.50960003858,43564.599,7815.08939996142,2025-01-07 18:00:00,2025-01-07
2025-01-07 19:00:00,33065.61335221643,42834.381,9768.76764778357,2025-01-07 19:00:00,2025-01-07
2025-01-07 19:15:00,33065.61335221643,42221.788,9156.17464778357,2025-01-07 19:00:00,2025-01-07
2025-01-07 19:30:00,33065.61335221643,41207.724,8142.110647783571,2025-01-07 19:00:00,2025-01-07
2025-01-07 19:45:00,33065.61335221643,40766.571,7700.957647783573,2025-01-07 19:00:00,2025-01-07
2025-01-07 20:00:00,29266.263109121537,40175.935,10909.67189087846,2025-01-07 20:00:00,2025-01-07
2025-01-07 20:15:00,29266.263109121537,38973.563,9707.299890878465,2025-01-07 20:00:00,2025-01-07
2025-01-07 20:30:00,29057.103733374737,37872.735,8815.631266625263,2025-01-07 20:00:00,2025-01-07
2025-01-07 20:45:00,29057.103733374737,37305.083,8247.979266625262,2025-01-07 20:00:00,2025-01-07
2025-01-07 21:00:00,26883.997448081172,36418.334,9534.33655191883,2025-01-07 21:00:00,2025-01-07
2025-01-07 21:15:00,26883.997448081172,35934.405,9050.407551918826,2025-01-07 21:00:00,2025-01-07
2025-01-07 21:30:00,26883.997448081172,35141.765,8257.767551918827,2025-01-07 21:00:00,2025-01-07
2025-01-07 21:45:00,26883.997448081172,34341.24,7457.2425519188255,2025-01-07 21:00:00,2025-01-07
2025-01-07 22:00:00,26929.781405069487,33814.029,6884.247594930515,2025-01-07 22:00:00,2025-01-07
2025-01-07 22:15:00,26929.781405069487,33273.07,6343.288594930513,2025-01-07 22:00:00,2025-01-07
2025-01-07 22:30:00,26929.781405069487,32893.751,5963.96959493051,2025-01-07 22:00:00,2025-01-07
2025-01-07 22:45:00,26929.781405069487,32119.206,5189.424594930511,2025-01-07 22:00:00,2025-01-07
2025-01-07 23:00:00,27148.511229288375,31098.555,3950.0437707116253,2025-01-07 23:00:00,2025-01-07
2025-01-07 23:15:00,27142.759663199897,30516.759,3373.9993368001014,2025-01-07 23:00:00,2025-01-07
2025-01-07 23:30:00,27142.759663199897,29907.404,2764.644336800102,2025-01-07 23:00:00,2025-01-07
2025-01-07 23:45:00,27142.759663199897,29293.894,2151.1343368001035,2025-01-07 23:00:00,2025-01-07
